Ranking,Company,Market_Cap,stock,Country,Sector,Industry
1,"Apple Inc.",2870000000000.00,AAPL,"United States",Technology,"Consumer Electronics"
2,"Microsoft Corporation",2760000000000.00,MSFT,"United States",Technology,"Software Infrastructure"
3,"Nvidia Corporation",1190000000000.00,NVDA,"United States",Technology,Semiconductors
4,"Broadcom Inc.",495950000000.00,AVGO,"United States",Technology,Semiconductors
5,"Taiwan Semiconductor Manufacturing Company Limited",487640000000.00,2330,Taiwan,Technology,Semiconductors
6,"Samsung Electronics Co., Ltd.",392380000000.00,005930,"South Korea",Technology,"Consumer Electronics"
7,"ASML Holding N.V.",297100000000.00,ASML,Netherlands,Technology,"Semiconductor Equipment & Materials"
8,"Oracle Corporation",282010000000.00,ORCL,"United States",Technology,"Software Infrastructure"
9,"Adobe Inc.",260230000000.00,ADBE,"United States",Technology,"Software Infrastructure"
10,"salesforce.com, inc.",243780000000.00,CRM,"United States",Technology,"Software Application"
11,"Advanced Micro Devices, Inc.",219720000000.00,AMD,"United States",Technology,Semiconductors
12,"Accenture plc",211870000000.00,ACN,Ireland,Technology,"Information Technology Services"
13,"Cisco Systems, Inc.",205210000000.00,CSCO,"United States",Technology,"Communication Equipment"
14,"Intel Corporation",198490000000.00,INTC,"United States",Technology,Semiconductors
15,"SAP SE",175440000000.00,SAP,Germany,Technology,"Software Application"
16,"Intuit Inc.",165410000000.00,INTU,"United States",Technology,"Software Application"
17,"Qualcomm Incorporated",153170000000.00,QCOM,"United States",Technology,Semiconductors
18,"Texas Instruments Incorporated",151390000000.00,TXN,"United States",Technology,Semiconductors
19,"International Business Machines Corporation",146880000000.00,IBM,"United States",Technology,"Information Technology Services"
20,"ServiceNow, Inc.",138470000000.00,NOW,"United States",Technology,"Software Application"
21,"Applied Materials, Inc.",125870000000.00,AMAT,"United States",Technology,"Semiconductor Equipment & Materials"
22,"Uber Technologies, Inc.",119870000000.00,UBER,"United States",Technology,"Software Application"
23,"Sony Group Corporation",117800000000.00,6758,Japan,Technology,"Consumer Electronics"
24,"SinoCloud Group Ltd",117420000000.00,5EK,"Hong Kong",Technology,"Information Technology Services"
25,"Keyence Corp",106650000000.00,6861,Japan,Technology,"Scientific & Technical Instruments"
26,"Lam Research Corporation",97140000000.00,LRCX,"United States",Technology,"Semiconductor Equipment & Materials"
27,"Analog Devices, Inc.",93790000000.00,ADI,"United States",Technology,Semiconductors
28,"Shopify Inc.",92770000000.00,SHOP,Canada,Technology,"Software Application"
29,"Micron Technology, Inc.",91300000000.00,MU,"United States",Technology,Semiconductors
30,"Palo Alto Networks, Inc.",90410000000.00,PANW,"United States",Technology,"Software Infrastructure"
31,"Tokyo Electron Ltd",83640000000.00,8035,Japan,Technology,"Semiconductor Equipment & Materials"
32,"Fiserv, Inc.",79730000000.00,FI,"United States",Technology,"Information Technology Services"
33,"SK hynix, Inc.",75210000000.00,000660,"South Korea",Technology,Semiconductors
34,"KLA Corporation",75130000000.00,KLAC,"United States",Technology,"Semiconductor Equipment & Materials"
35,"Infosys Limited",74790000000.00,INFY,India,Technology,"Information Technology Services"
36,"Synopsys, Inc.",74640000000.00,SNPS,"United States",Technology,"Software Infrastructure"
37,"Arista Networks, Inc.",71730000000.00,ANET,"United States",Technology,"Computer Hardware"
38,"Workday, Inc.",70570000000.00,WDAY,"United States",Technology,"Software Application"
39,"Cadence Design Systems, Inc.",69990000000.00,CDNS,"United States",Technology,"Software Application"
40,"Dassault SystÃ¨mes SE",65350000000.00,DSY,France,Technology,"Software Application"
41,"VMware, Inc.",61520000000.00,VMW,"United States",Technology,"Software Infrastructure"
42,"Snowflake Inc.",60540000000.00,SNOW,"United States",Technology,"Software Application"
43,"CrowdStrike Holdings, Inc.",58680000000.00,CRWD,"United States",Technology,"Software Infrastructure"
44,"Amphenol Corporation",56890000000.00,APH,"United States",Technology,"Electronic Components"
45,"Atlassian Corporation Plc",56790000000.00,TEAM,Australia,Technology,"Software Application"
46,"NXP Semiconductors N.V.",55690000000.00,NXPI,Netherlands,Technology,Semiconductors
47,"Dell Technologies Inc.",54510000000.00,DELL,"United States",Technology,"Computer Hardware"
48,"Constellation Software Inc.",53190000000.00,CSU,Canada,Technology,"Software Application"
49,"Motorola Solutions, Inc.",51780000000.00,MSI,"United States",Technology,"Communication Equipment"
50,"Marvell Technology Group Ltd.",50200000000.00,MRVL,Bermuda,Technology,Semiconductors
51,"Infineon Technologies AG",49860000000.00,IFX,Germany,Technology,Semiconductors
52,"Marvell Technology, Inc.",49610000000.00,9MW,"United States",Technology,Semiconductors
53,"MediaTek, Inc.",49330000000.00,2454,Taiwan,Technology,Semiconductors
54,"Autodesk, Inc.",48970000000.00,ADSK,"United States",Technology,"Software Application"
55,"Xiaomi Corp",47530000000.00,1810,China,Technology,"Consumer Electronics"
56,"Hon Hai Precision Industry Co. Ltd",47430000000.00,2317,Taiwan,Technology,"Electronic Components"
57,"Microchip Technology Incorporated",45770000000.00,MCHP,"United States",Technology,Semiconductors
58,"Fortinet, Inc.",44840000000.00,FTNT,"United States",Technology,"Software Infrastructure"
59,"TE Connectivity Ltd.",42620000000.00,TEL,Switzerland,Technology,"Electronic Components"
60,"Block, Inc.",42150000000.00,SQ,"United States",Technology,"Software Infrastructure"
61,"STMicroelectronics N.V.",40870000000.00,STM,Switzerland,Technology,Semiconductors
62,"Murata Manufacturing Co. Ltd",40270000000.00,6981,Japan,Technology,"Electronic Components"
63,"Adyen N.V.",39970000000.00,ADYEN,Netherlands,Technology,"Software Infrastructure"
64,"Foxconn Industrial Internet Co. Ltd",38820000000.00,601138,China,Technology,"Communication Equipment"
65,"Coinbase Global, Inc.",38320000000.00,1QZ,"United States",Technology,"Software Application"
66,"Cognizant Technology Solutions Corporation",36930000000.00,CTSH,"United States",Technology,"Information Technology Services"
67,"Datadog, Inc.",36930000000.00,DDOG,"United States",Technology,"Software Application"
68,"Fidelity National Information Services, Inc.",35890000000.00,FIS,"United States",Technology,"Information Technology Services"
69,"Palantir Technologies Inc.",35010000000.00,PLTR,"United States",Technology,"Software Infrastructure"
70,"Capgemini SE",34740000000.00,CAP,France,Technology,"Information Technology Services"
71,"ON Semiconductor Corporation",34180000000.00,ON,"United States",Technology,Semiconductors
72,"The Trade Desk, Inc.",34000000000.00,TTD,"United States",Technology,"Software Application"
73,"Gartner, Inc.",33610000000.00,IT,"United States",Technology,"Information Technology Services"
74,"Hexagon AB",32170000000.00,HXG,Sweden,Technology,"Scientific & Technical Instruments"
75,"GlobalFoundries Inc.",31550000000.00,GFS,"United States",Technology,Semiconductors
76,"Zscaler, Inc.",31200000000.00,ZS,"United States",Technology,"Software Infrastructure"
77,"Amadeus IT Group, SA",31180000000.00,AMS,Spain,Technology,"Information Technology Services"
78,"Renesas Electronics Corp",30530000000.00,6723,Japan,Technology,Semiconductors
79,"ANSYS, Inc.",29900000000.00,ANSS,"United States",Technology,"Software Application"
80,"HP Inc.",29630000000.00,HPQ,"United States",Technology,"Computer Hardware"
81,"Semiconductor Manufacturing International Corp",29200000000.00,688981,China,Technology,Semiconductors
82,"CDW Corporation",29100000000.00,CDW,"United States",Technology,"Information Technology Services"
83,"Wipro Limited",28840000000.00,WIPRO,India,Technology,"Information Technology Services"
84,"Fair Isaac Corporation",28770000000.00,FICO,"United States",Technology,"Software Application"
85,"Fujitsu Ltd",28610000000.00,6702,Japan,Technology,"Information Technology Services"
86,"Monolithic Power Systems, Inc.",27710000000.00,MPWR,"United States",Technology,Semiconductors
87,"Quanta Computer, Inc.",27510000000.00,2382,Taiwan,Technology,"Computer Hardware"
88,"MongoDB, Inc.",26920000000.00,MDB,"United States",Technology,"Software Infrastructure"
89,"HubSpot, Inc.",26840000000.00,HUBS,"United States",Technology,"Software Application"
90,"Keysight Technologies, Inc.",26370000000.00,KEYS,"United States",Technology,"Scientific & Technical Instruments"
91,"Canon Inc.",25940000000.00,7751,Japan,Technology,"Computer Hardware"
92,"Corning Incorporated",25830000000.00,GLW,"United States",Technology,"Electronic Components"
93,"Delta Electronics, Inc.",25820000000.00,2308,Taiwan,Technology,"Electronic Components"
94,"Cloudflare, Inc.",25650000000.00,NET,"United States",Technology,"Software Infrastructure"
95,"Splunk Inc.",25650000000.00,SPLK,"United States",Technology,"Software Infrastructure"
96,"Advantest Corp",25520000000.00,6857,Japan,Technology,"Semiconductor Equipment & Materials"
97,"ASM International NV",25270000000.00,ASM,Netherlands,Technology,"Semiconductor Equipment & Materials"
98,"Fortive Corporation",25130000000.00,FTV,"United States",Technology,"Scientific & Technical Instruments"
99,"CGI Inc.",24080000000.00,GIB.A,Canada,Technology,"Information Technology Services"
100,"Garmin Ltd.",23750000000.00,GRMN,Switzerland,Technology,"Scientific & Technical Instruments"
101,"Panasonic Corp",23710000000.00,6752,Japan,Technology,"Consumer Electronics"
102,"LONGi Green Energy Technology Co. Ltd",23580000000.00,601012,China,Technology,"Semiconductor Equipment & Materials"
103,"Broadridge Financial Solutions, Inc.",23190000000.00,BR,"United States",Technology,"Information Technology Services"
104,"Lasertec Corp",23100000000.00,6920,Japan,Technology,"Scientific & Technical Instruments"
105,"Hewlett Packard Enterprise Company",22150000000.00,HPE,"United States",Technology,"Communication Equipment"
106,"Telefonaktiebolaget LM Ericsson",20890000000.00,ERIC.A,Sweden,Technology,"Communication Equipment"
107,"Kyocera Corp",20750000000.00,6971,Japan,Technology,"Consumer Electronics"
108,"United Microelectronics Corporation",20740000000.00,2303,Taiwan,Technology,Semiconductors
109,"Teledyne Technologies Incorporated",20730000000.00,TDY,"United States",Technology,"Scientific & Technical Instruments"
110,"VeriSign, Inc.",20540000000.00,VRSN,"United States",Technology,"Software Infrastructure"
111,"FLEETCOR Technologies, Inc.",20280000000.00,FLT,"United States",Technology,"Information Technology Services"
112,"PTC Inc.",20000000000.00,PTC,"United States",Technology,"Software Application"
113,"NTT Data Corp",19890000000.00,9613,Japan,Technology,"Information Technology Services"
114,"Nokia Corporation",19420000000.00,NOKIA.SEK,Finland,Technology,"Communication Equipment"
115,"Kaspi Bank Joint Stock Company",18640000000.00,KSPI,Kazakhstan,Technology,"Software Infrastructure"
116,"TDK Corp",18050000000.00,6762,Japan,Technology,"Electronic Components"
117,"First Solar, Inc.",17880000000.00,FSLR,"United States",Technology,Solar
118,"Check Point Software Technologies Ltd.",17880000000.00,CHKP,Israel,Technology,"Software Infrastructure"
119,"NetApp, Inc.",17780000000.00,NTAP,"United States",Technology,"Computer Hardware"
120,"ASE Technology Holding Co., Ltd.",17760000000.00,3711,Taiwan,Technology,Semiconductors
121,"Akamai Technologies, Inc.",17540000000.00,AKAM,"United States",Technology,"Software Infrastructure"
122,"Beijing Kingsoft Office Software, Inc.",17470000000.00,688111,China,Technology,"Software Application"
123,"Nomura Research Institute Ltd",17210000000.00,4307,Japan,Technology,"Information Technology Services"
124,"Tyler Technologies, Inc.",17140000000.00,TYL,"United States",Technology,"Software Application"
125,"Nuance Communications, Inc.",17110000000.00,NUAN,"United States",Technology,"Software Application"
126,"Will Semiconductor Co. Ltd",16910000000.00,603501,China,Technology,Semiconductors
127,"Seagate Technology plc",16900000000.00,STX,Ireland,Technology,"Computer Hardware"
128,"Skyworks Solutions, Inc.",16830000000.00,SWKS,"United States",Technology,Semiconductors
129,"WiseTech Global Limited",16800000000.00,WTC,Australia,Technology,"Software Application"
130,"EPAM Systems, Inc.",16750000000.00,EPAM,"United States",Technology,"Information Technology Services"
131,"Enphase Energy, Inc.",16750000000.00,ENPH,"United States",Technology,Solar
132,"Entegris, Inc.",16550000000.00,ENTG,"United States",Technology,"Semiconductor Equipment & Materials"
133,"Jabil Inc.",16380000000.00,JBL,"United States",Technology,"Electronic Components"
134,"Western Digital Corporation",16330000000.00,WDC,"United States",Technology,"Computer Hardware"
135,"Super Micro Computer, Inc.",16130000000.00,SMCI,"United States",Technology,"Computer Hardware"
136,"Lenovo Group Ltd",15970000000.00,0992,"Hong Kong",Technology,"Computer Hardware"
137,"NEC Corp",15910000000.00,6701,Japan,Technology,"Information Technology Services"
138,"Teradyne, Inc.",15570000000.00,TER,"United States",Technology,"Semiconductor Equipment & Materials"
139,"ZTE Corp",15460000000.00,000063,China,Technology,"Communication Equipment"
140,"Shenzhen Transsion Holdings Co. Ltd",15420000000.00,688036,China,Technology,"Communication Equipment"
141,"The Sage Group plc",15240000000.00,SGE,"United Kingdom",Technology,"Software Application"
142,"Dynatrace, Inc.",15210000000.00,DT,"United States",Technology,"Software Application"
143,"OBIC Co.,Ltd.",15070000000.00,4684,Japan,Technology,"Software Application"
144,"Leidos Holdings, Inc.",14830000000.00,LDOS,"United States",Technology,"Information Technology Services"
145,"SS&C Technologies Holdings, Inc.",14700000000.00,SSNC,"United States",Technology,"Software Application"
146,"Logitech International SA",14570000000.00,LOGN,Switzerland,Technology,"Computer Hardware"
147,"GoDaddy Inc.",14460000000.00,GDDY,"United States",Technology,"Software Infrastructure"
148,"NortonLifeLock Inc.",14420000000.00,NLOK,"United States",Technology,"Software Infrastructure"
149,"Unity Software Inc.",14080000000.00,U,"United States",Technology,"Software Application"
150,"Bentley Systems, Incorporated",13930000000.00,BSY,"United States",Technology,"Software Application"
151,"Okta, Inc.",13870000000.00,OKTA,"United States",Technology,"Software Infrastructure"
152,"NICE Ltd.",13730000000.00,NICE,Israel,Technology,"Software Application"
153,"Aspen Technology, Inc.",13270000000.00,AZPN,"United States",Technology,"Software Application"
154,"Affirm Holdings, Inc.",13140000000.00,AFRM,"United States",Technology,"Information Technology Services"
155,"Shanghai Baosight Software Co.,Ltd.",13070000000.00,600845,China,Technology,"Software Application"
156,"Zebra Technologies Corporation",12990000000.00,ZBRA,"United States",Technology,"Communication Equipment"
157,"Citrix Systems, Inc.",12950000000.00,CTXS,"United States",Technology,"Software Application"
158,"AppLovin Corp",12830000000.00,APP,"United States",Technology,"Software Application"
159,"LG Electronics, Inc.",12800000000.00,066570,"South Korea",Technology,"Consumer Electronics"
160,"UiPath, Inc.",12780000000.00,PATH,"United States",Technology,"Software Infrastructure"
161,"Trimble Inc.",12690000000.00,TRMB,"United States",Technology,"Scientific & Technical Instruments"
162,"Advanced Micro-Fabrication Equipment, Inc. China",12630000000.00,688012,China,Technology,"Semiconductor Equipment & Materials"
163,"Manhattan Associates, Inc.",12580000000.00,MANH,"United States",Technology,"Software Application"
164,"Jack Henry & Associates, Inc.",12140000000.00,JKHY,"United States",Technology,"Information Technology Services"
165,"Pure Storage, Inc.",11630000000.00,PSTG,"United States",Technology,"Computer Hardware"
166,"BE Semiconductor Industries N.V.",11580000000.00,BESI,Netherlands,Technology,"Semiconductor Equipment & Materials"
167,"Hithink RoyalFlush Information Network Co. Ltd",11540000000.00,300033,China,Technology,"Software Application"
168,"LARGAN Precision Co.,Ltd",11410000000.00,3008,Taiwan,Technology,"Electronic Components"
169,"Paycom Software, Inc.",11340000000.00,PAYC,"United States",Technology,"Software Application"
170,"ZoomInfo Technologies Inc.",11330000000.00,ZI,"United States",Technology,"Software Application"
171,"ASUSTeK Computer, Inc.",11260000000.00,2357,Taiwan,Technology,"Computer Hardware"
172,"DocuSign, Inc.",11220000000.00,DOCU,"United States",Technology,"Software Application"
173,"Xero Limited",11110000000.00,XRO,"New Zealand",Technology,"Software Application"
174,"Nutanix, Inc.",10910000000.00,NTNX,"United States",Technology,"Software Infrastructure"
175,"Open Text Corporation",10900000000.00,OTEX,Canada,Technology,"Software Application"
176,"Nexi S.p.A.",10640000000.00,NEXI,Italy,Technology,"Software Infrastructure"
177,"MicroStrategy Incorporated",10560000000.00,MSTR,"United States",Technology,"Software Application"
178,"Elastic N.V.",10530000000.00,ESTC,"United States",Technology,"Software Application"
179,"BYD Electronic International Co Ltd",10520000000.00,4BY,China,Technology,"Communication Equipment"
180,"F5 Networks, Inc.",10390000000.00,FFIV,"United States",Technology,"Software Infrastructure"
181,"Flex Ltd.",10310000000.00,FLEX,Singapore,Technology,"Electronic Components"
182,"Qorvo, Inc.",10290000000.00,QRVO,"United States",Technology,Semiconductors
183,"Amdocs Limited",10260000000.00,DOX,"United States",Technology,"Software Infrastructure"
184,"Proofpoint, Inc.",10160000000.00,PFPT,"United States",Technology,"Software Infrastructure"
185,"Computershare Limited",10140000000.00,CPU,Australia,Technology,"Information Technology Services"
186,"Advantech Co. Ltd",10070000000.00,2395,Taiwan,Technology,"Computer Hardware"
187,"Oracle Corp Japan",9980000000.00,4716,Japan,Technology,"Software Application"
188,"Ceridian HCM Holding Inc.",9960000000.00,CDAY,"United States",Technology,"Software Application"
189,"Wiwynn Corp",9950000000.00,6669,Taiwan,Technology,"Computer Hardware"
190,"Novatek Microelectronics Corp",9810000000.00,3034,Taiwan,Technology,Semiconductors
191,"Dropbox, Inc.",9790000000.00,DBX,"United States",Technology,"Software Infrastructure"
192,"Maxscend Microelectronics Company Ltd",9700000000.00,300782,China,Technology,Semiconductors
193,"Black Knight, Inc.",9600000000.00,BKI,"United States",Technology,"Software Infrastructure"
194,"Anaplan, Inc.",9590000000.00,PLAN,"United States",Technology,"Software Infrastructure"
195,"Juniper Networks, Inc.",9570000000.00,JNPR,"United States",Technology,"Communication Equipment"
196,"Sanan Optoelectronics Co. Ltd",9550000000.00,600703,China,Technology,Semiconductors
197,"TD Synnex",9490000000.00,SNX,"United States",Technology,"Information Technology Services"
198,"Globant SA",9490000000.00,GLOB,Luxembourg,Technology,"Software Application"
199,"Zendesk, Inc.",9400000000.00,ZEN,"United States",Technology,"Software Application"
200,"Nemetschek SE",9360000000.00,NEM,Germany,Technology,"Software Application"
201,"Procore Technologies, Inc.",9270000000.00,PCOR,"United States",Technology,"Software Application"
202,"OMRON Corp",9200000000.00,6645,Japan,Technology,"Electronic Components"
203,"Cree, Inc.",9170000000.00,CREE,"United States",Technology,Semiconductors
204,"Montage Technology Co. Ltd",9120000000.00,688008,China,Technology,Semiconductors
205,"Lattice Semiconductor Corporation",9080000000.00,LSCC,"United States",Technology,Semiconductors
206,"Sunny Optical Technology Group Co Ltd",9060000000.00,2382,China,Technology,"Electronic Components"
207,"Paylocity Holding Corporation",9000000000.00,PCTY,"United States",Technology,"Software Application"
208,"Lens Technology Co. Ltd",8990000000.00,300433,China,Technology,"Electronic Components"
209,"Accton Technology Corp",8980000000.00,2345,Taiwan,Technology,"Communication Equipment"
210,"CyberArk Software Ltd.",8950000000.00,CYBR,Israel,Technology,"Software Infrastructure"
211,"Wistron Corp",8780000000.00,3231,Taiwan,Technology,"Computer Hardware"
212,"Avast plc",8720000000.00,AVST,Czechia,Technology,"Software Infrastructure"
213,"Lite-On Technology Corp",8610000000.00,2301,Taiwan,Technology,"Computer Hardware"
214,"Guidewire Software, Inc.",8600000000.00,GWRE,"United States",Technology,"Software Application"
215,"Universal Display Corporation",8520000000.00,OLED,"United States",Technology,"Semiconductor Equipment & Materials"
216,"360 Security Technology, Inc.",8460000000.00,601360,China,Technology,"Software Infrastructure"
217,"Trina Solar Co. Ltd",8410000000.00,688599,China,Technology,Solar
218,"WEX Inc.",8400000000.00,WEX,"United States",Technology,"Software Infrastructure"
219,"Minebea Mitsumi, Inc.",8360000000.00,6479,Japan,Technology,"Electronic Components"
220,"Unimicron Technology Corp",8340000000.00,3037,Taiwan,Technology,"Electronic Components"
221,"Shimadzu Corp",8330000000.00,7701,Japan,Technology,"Scientific & Technical Instruments"
222,"GlobalWafers Co. Ltd",8310000000.00,6488,Taiwan,Technology,Semiconductors
223,"monday.com Ltd",8310000000.00,MNDY,Israel,Technology,"Software Application"
224,"Switch, Inc.",8270000000.00,SWCH,"United States",Technology,"Information Technology Services"
225,"Alchip Technologies Ltd",8250000000.00,3661,Taiwan,Technology,Semiconductors
226,"Yonyou Network Technology Co. Ltd",8160000000.00,600588,China,Technology,"Software Application"
227,"SCREEN Holdings Co. Ltd",8140000000.00,7735,Japan,Technology,Semiconductors
228,"China Resources Microelectronics Ltd",8130000000.00,688396,China,Technology,Semiconductors
229,"Avalara, Inc.",8120000000.00,AVLR,"United States",Technology,"Software Application"
230,"Dolby Laboratories, Inc.",8040000000.00,DLB,"United States",Technology,"Information Technology Services"
231,"GigaDevice Semiconductor",8010000000.00,603986,China,Technology,Semiconductors
232,"Bill.com Holdings, Inc.",7950000000.00,BILL,"United States",Technology,"Software Application"
233,"Ubiquiti Inc.",7860000000.00,UI,"United States",Technology,"Communication Equipment"
234,"Dawning Information Industry Co. Ltd",7770000000.00,603019,China,Technology,"Computer Hardware"
235,"Ibiden Co.,Ltd.",7750000000.00,4062,Japan,Technology,"Electronic Components"
236,"Zhejiang Jingsheng Mechanical & Electrical Co. Ltd",7730000000.00,300316,China,Technology,"Semiconductor Equipment & Materials"
237,"Otsuka Corp",7700000000.00,4768,Japan,Technology,"Electronics & Computer Distribution"
238,"Chaozhou Three-Circle",7680000000.00,300408,China,Technology,"Electronic Components"
239,"National Instruments Corporation",7580000000.00,NATI,"United States",Technology,"Software Application"
240,"Nanya Technology Corp",7570000000.00,2408,Taiwan,Technology,Semiconductors
241,"Amkor Technology, Inc.",7560000000.00,AMKR,"United States",Technology,Semiconductors
242,"Realtek Semiconductor Corp",7500000000.00,2379,Taiwan,Technology,Semiconductors
243,"Pegatron Corp",7410000000.00,4938,Taiwan,Technology,"Computer Hardware"
244,"Cambricon Technologies Corp Ltd",7360000000.00,688256,China,Technology,"Software Application"
245,"Global Unichip Corp",7320000000.00,3443,Taiwan,Technology,Semiconductors
246,"Trend Micro Inc.",7300000000.00,4704,Japan,Technology,"Software Infrastructure"
247,"Hundsun Technologies, Inc.",7290000000.00,600570,China,Technology,"Software Application"
248,"ROHM Co. Ltd",7180000000.00,6963,Japan,Technology,Semiconductors
249,"E Ink Holdings, Inc.",7100000000.00,8069,Taiwan,Technology,"Electronic Components"
250,"Wingtech Technology Co.,Ltd",7040000000.00,600745,China,Technology,"Communication Equipment"
251,"CACI International Inc",7030000000.00,CACI,"United States",Technology,"Information Technology Services"
252,"JCET Group Co. Ltd",6990000000.00,600584,China,Technology,Semiconductors
253,"Descartes Systems Group Inc.",6930000000.00,DSG,Canada,Technology,"Software Application"
254,"The Descartes Systems Group, Inc.",6870000000.00,DC2,Canada,Technology,"Software Application"
255,"Rambus Inc.",6870000000.00,RMBS,"United States",Technology,Semiconductors
256,"Qualys, Inc.",6820000000.00,QLYS,"United States",Technology,"Software Infrastructure"
257,"Onto Innovation Inc.",6810000000.00,ONTO,"United States",Technology,Semiconductors
258,"National Silicon Industry Group Co. Ltd",6790000000.00,688126,China,Technology,"Semiconductor Equipment & Materials"
259,"Cognex Corporation",6720000000.00,CGNX,"United States",Technology,"Scientific & Technical Instruments"
260,"Wix.com Ltd.",6710000000.00,WIX,Israel,Technology,"Software Infrastructure"
261,Fabrinet,6700000000.00,FN,"Cayman Islands",Technology,"Electronic Components"
262,"SPS Commerce, Inc.",6650000000.00,SPSC,"United States",Technology,"Software Infrastructure"
263,"Ciena Corporation",6600000000.00,CIEN,"United States",Technology,"Communication Equipment"
264,"MKS Instruments, Inc.",6540000000.00,MKSI,"United States",Technology,"Scientific & Technical Instruments"
265,"Concentrix Corporation",6490000000.00,CNXC,"United States",Technology,"Information Technology Services"
266,"Temenos AG",6430000000.00,TEMN,Switzerland,Technology,"Software Application"
267,"Science Applications International Corporation",6420000000.00,SAIC,"United States",Technology,"Information Technology Services"
268,"Mohawk Group Holdings, Inc.",6400000000.00,MWK,"United States",Technology,"Consumer Electronics"
269,"CDK Global, Inc.",6390000000.00,CDK,"United States",Technology,"Software Application"
270,"Arrow Electronics, Inc.",6390000000.00,ARW,"United States",Technology,"Electronics & Computer Distribution"
271,"SCSK Corp",6360000000.00,9719,Japan,Technology,"Information Technology Services"
272,"Littelfuse, Inc.",6360000000.00,LFUS,"United States",Technology,"Electronic Components"
273,"Hamamatsu Photonics K.K.",6290000000.00,6965,Japan,Technology,"Electronic Components"
274,"Altair Engineering Inc.",6250000000.00,ALTR,"United States",Technology,"Software Infrastructure"
275,"Coherent, Inc.",6230000000.00,COHR,"United States",Technology,"Scientific & Technical Instruments"
276,"SailPoint Technologies Holdings, Inc.",6190000000.00,SAIL,"United States",Technology,"Software Infrastructure"
277,"Genpact Limited",6180000000.00,G,Bermuda,Technology,"Information Technology Services"
278,"New Relic, Inc.",6180000000.00,NEWR,"United States",Technology,"Software Infrastructure"
279,"MACOM Technology Solutions Holdings, Inc.",6170000000.00,MTSI,"United States",Technology,Semiconductors
280,"Hangzhou First Applied Material Co. Ltd",6130000000.00,603806,China,Technology,"Semiconductor Equipment & Materials"
281,"Stamps.com Inc.",6120000000.00,STMP,"United States",Technology,"Software Application"
282,"Smartsheet Inc.",6070000000.00,SMAR,"United States",Technology,"Software Application"
283,"Bechtle AG",6040000000.00,BC8,Germany,Technology,"Information Technology Services"
284,"Coupa Software Incorporated",6030000000.00,COUP,"United States",Technology,"Software Application"
285,"Inventec Corp",5990000000.00,2356,Taiwan,Technology,"Computer Hardware"
286,"AppFolio, Inc.",5970000000.00,APPF,"United States",Technology,"Software Application"
287,"DoubleVerify Holdings, Inc.",5870000000.00,DV,"United States",Technology,"Software Application"
288,"Topicus.com, Inc.",5870000000.00,TOI,Canada,Technology,"Software Infrastructure"
289,"Soitec SA",5860000000.00,SOH1,France,Technology,"Semiconductor Equipment & Materials"
290,"Qualtrics International Inc.",5830000000.00,XM,"United States",Technology,"Software Application"
291,"Shift4 Payments, Inc.",5820000000.00,FOUR,"United States",Technology,"Software Infrastructure"
292,"Insight Enterprises, Inc.",5800000000.00,NSIT,"United States",Technology,"Information Technology Services"
293,"eMemory Technology, Inc.",5790000000.00,3529,Taiwan,Technology,Semiconductors
294,"Datto Holding Corp.",5740000000.00,MSP,"United States",Technology,"Software Application"
295,"Hua Hong Semiconductor Ltd",5710000000.00,1347,China,Technology,Semiconductors
296,"ITOCHU Techno-Solutions Corp",5630000000.00,4739,Japan,Technology,"Information Technology Services"
297,"Shengyi Technology Co. Ltd",5620000000.00,600183,China,Technology,"Electronic Components"
298,"Allegro MicroSystems, Inc.",5580000000.00,ALGM,"United States",Technology,Semiconductors
299,"Novanta Inc.",5580000000.00,NOVT,"United States",Technology,"Scientific & Technical Instruments"
300,"KnowBe4, Inc.",5540000000.00,KNBE,"United States",Technology,"Software Infrastructure"
301,"GT Advanced Technologies, Inc.",5500000000.00,GTAT,"United States",Technology,Semiconductors
302,"Silergy Corp",5490000000.00,6415,China,Technology,Semiconductors
303,"Sensata Technologies Holding plc",5480000000.00,ST,"United States",Technology,"Scientific & Technical Instruments"
304,"SG Micro Corp",5450000000.00,300661,China,Technology,Semiconductors
305,"II-VI Incorporated",5440000000.00,IIVI,"United States",Technology,"Scientific & Technical Instruments"
306,"Five9, Inc.",5380000000.00,FIVN,"United States",Technology,"Software Infrastructure"
307,"Medallia, Inc.",5380000000.00,MDLA,"United States",Technology,"Software Application"
308,"StoneCo Ltd.",5360000000.00,STNE,"Cayman Islands",Technology,"Software Application"
309,"BayCurrent Consulting, Inc.",5360000000.00,6532,Japan,Technology,"Information Technology Services"
310,"TIS, Inc.",5290000000.00,3626,Japan,Technology,"Information Technology Services"
311,"Shinko Electric Industries Co. Ltd",5280000000.00,6967,Japan,Technology,Semiconductors
312,"Compal Electronics, Inc.",5250000000.00,2324,Taiwan,Technology,"Computer Hardware"
313,"Lyft, Inc.",5200000000.00,LYFT,"United States",Technology,"Software Application"
314,"Vontier Corporation",5160000000.00,VNT,"United States",Technology,"Scientific & Technical Instruments"
315,"Hangzhou Silan Microelectronics Co. Ltd",5150000000.00,600460,China,Technology,"Semiconductor Equipment & Materials"
316,"GMO Payment Gateway, Inc.",5150000000.00,3769,Japan,Technology,"Software Infrastructure"
317,"Alten SA",5130000000.00,ATE,France,Technology,"Information Technology Services"
318,"Micro-Star International Co. Ltd",5120000000.00,2377,Taiwan,Technology,"Computer Hardware"
319,"Sumco Corp",5120000000.00,3436,Japan,Technology,"Semiconductor Equipment & Materials"
320,"Giga-Byte Technology Co. Ltd",5110000000.00,2376,Taiwan,Technology,"Computer Hardware"
321,"Dun & Bradstreet Holdings, Inc.",5110000000.00,DNB,"United States",Technology,"Information Technology Services"
322,"Shanghai Friendess Electronic Technology Corp Ltd",5100000000.00,688188,China,Technology,Semiconductors
323,"Tenable Holdings, Inc.",5090000000.00,TENB,"United States",Technology,"Software Infrastructure"
324,"Seiko Epson Corp",5070000000.00,6724,Japan,Technology,"Computer Hardware"
325,"Nan Ya Printed Circuit Board Corp",5060000000.00,8046,Taiwan,Technology,"Electronic Components"
326,"Workiva Inc.",5040000000.00,WK,"United States",Technology,"Software Application"
327,"Yealink Network Technology Co. Ltd",5030000000.00,300628,China,Technology,"Communication Equipment"
328,"CMC Materials, Inc.",4990000000.00,CCMP,"United States",Technology,"Semiconductor Equipment & Materials"
329,"ExlService Holdings, Inc.",4950000000.00,EXLS,"United States",Technology,"Information Technology Services"
330,"AU Optronics Corp",4920000000.00,2409,Taiwan,Technology,"Electronic Components"
331,"SolarEdge Technologies, Inc.",4910000000.00,SEDG,Israel,Technology,Solar
332,"KPIT Technologies Ltd",4910000000.00,KPITTECH,India,Technology,"Information Technology Services"
333,"Thunder Software Technology Co.,Ltd.",4900000000.00,300496,China,Technology,"Software Application"
334,"Spectris plc",4890000000.00,SXS,"United Kingdom",Technology,"Scientific & Technical Instruments"
335,"McAfee Corp.",4890000000.00,MCFE,"United States",Technology,"Software Application"
336,"TravelSky Technology Ltd",4860000000.00,0696,China,Technology,"Information Technology Services"
337,"IPG Photonics Corporation",4850000000.00,IPGP,"United States",Technology,"Semiconductor Equipment & Materials"
338,"Kingdee International Software Group Co Ltd",4850000000.00,0268,China,Technology,"Software Application"
339,"Sharp Corp",4830000000.00,6753,Japan,Technology,"Consumer Electronics"
340,"Reply S.p.A.",4830000000.00,REY,Italy,Technology,"Information Technology Services"
341,"Worldline SA",4810000000.00,WLN,France,Technology,"Software Infrastructure"
342,"Brooks Automation, Inc.",4780000000.00,BRKS,"United States",Technology,"Semiconductor Equipment & Materials"
343,"Suzhou Maxwell Technologies Co. Ltd",4780000000.00,300751,China,Technology,"Semiconductor Equipment & Materials"
344,"Suzhou TFC Optical Communication Co. Ltd",4760000000.00,300394,China,Technology,"Communication Equipment"
345,"Innolux Corp",4740000000.00,3481,Taiwan,Technology,"Electronic Components"
346,"Acer, Inc.",4720000000.00,2353,Taiwan,Technology,"Computer Hardware"
347,"NEXTDC Limited",4700000000.00,NXT,Australia,Technology,"Information Technology Services"
348,"Xinyi Solar Holdings Ltd",4700000000.00,0968,China,Technology,Solar
349,"Anker Innovations Ltd",4690000000.00,300866,China,Technology,"Consumer Electronics"
350,"Varonis Systems, Inc.",4680000000.00,VRNS,"United States",Technology,"Software Infrastructure"
351,"Changsha Jingjia Microelectronics Co. Ltd",4520000000.00,300474,China,Technology,Semiconductors
352,"Eoptolink Technology, Inc. Ltd",4500000000.00,300502,China,Technology,"Communication Equipment"
353,"Euronet Worldwide, Inc.",4490000000.00,EEFT,"United States",Technology,"Software Infrastructure"
354,"Universal Scientific Industrial",4480000000.00,601231,China,Technology,"Electronic Components"
355,"Powerchip Semiconductor Manufacturing Corp",4470000000.00,6770,Taiwan,Technology,Semiconductors
356,"Power Integrations, Inc.",4460000000.00,POWI,"United States",Technology,Semiconductors
357,"WPG Holdings Ltd",4450000000.00,3702,Taiwan,Technology,"Electronics & Computer Distribution"
358,"Blackbaud, Inc.",4400000000.00,BLKB,"United States",Technology,"Software Application"
359,"DXC Technology Company",4360000000.00,DXC,"United States",Technology,"Information Technology Services"
360,"Sopra Steria Group SA",4340000000.00,OR8,France,Technology,"Information Technology Services"
361,"Endava plc",4310000000.00,DAVA,"United Kingdom",Technology,"Software Infrastructure"
362,"Avnet, Inc.",4300000000.00,AVT,"United States",Technology,"Electronics & Computer Distribution"
363,"AIXTRON SE",4280000000.00,AIXA,Germany,Technology,"Semiconductor Equipment & Materials"
364,"Chicony Electronics Co. Ltd",4260000000.00,2385,Taiwan,Technology,"Computer Hardware"
365,"Shanghai Aiko Solar Energy Co. Ltd",4240000000.00,600732,China,Technology,Solar
366,"StarPower Semiconductor Ltd",4220000000.00,603290,China,Technology,"Semiconductor Equipment & Materials"
367,"Synaptics Incorporated",4220000000.00,SYNA,"United States",Technology,Semiconductors
368,"Ingenic Semiconductor Co.,Ltd.",4220000000.00,300223,China,Technology,"Computer Hardware"
369,"SHIFT, Inc.",4220000000.00,3697,Japan,Technology,"Software Application"
370,"Vanguard International Semiconductor Corp",4200000000.00,5347,Taiwan,Technology,Semiconductors
371,"Cirrus Logic, Inc.",4190000000.00,CRUS,"United States",Technology,Semiconductors
372,"China National Software & Service Company Ltd",4180000000.00,600536,China,Technology,"Software Application"
373,"SimCorp A-S",4180000000.00,SIM,Denmark,Technology,"Software Application"
374,"Teradata Corporation",4170000000.00,TDC,"United States",Technology,"Information Technology Services"
375,"Shenzhen Goodix Technology Co. Ltd",4170000000.00,603160,China,Technology,"Software Application"
376,"FireEye, Inc.",4130000000.00,FEYE,"United States",Technology,"Software Infrastructure"
377,"ASMedia Technology, Inc.",4100000000.00,5269,Taiwan,Technology,Semiconductors
378,"Asia Vital Components Co. Ltd",4100000000.00,3017,Taiwan,Technology,"Electronic Components"
379,"Elite Material Co. Ltd",4070000000.00,2383,Taiwan,Technology,"Electronic Components"
380,"Computacenter plc",4060000000.00,CCC,"United Kingdom",Technology,"Information Technology Services"
381,"Sunrun Inc.",4020000000.00,RUN,"United States",Technology,Solar
382,"PagSeguro Digital Ltd.",4020000000.00,PAGS34,Brazil,Technology,"Software Infrastructure"
383,"Sangfor Technologies, Inc.",4000000000.00,300454,China,Technology,"Communication Equipment"
384,"TOTVS SA",3990000000.00,TOTS3,Brazil,Technology,"Software Application"
385,"Hisense Visual Technology Co. Ltd",3970000000.00,600060,China,Technology,"Consumer Electronics"
386,"Vertex, Inc.",3960000000.00,VERX,"United States",Technology,"Software Application"
387,"Axcelis Technologies, Inc.",3960000000.00,ACLS,"United States",Technology,"Semiconductor Equipment & Materials"
388,"Altium Limited",3960000000.00,ALU,"United States",Technology,"Software Application"
389,"Hengtong Optic-Electric Co. Ltd",3950000000.00,600487,China,Technology,"Communication Equipment"
390,"ManTech International Corporation",3930000000.00,MANT,"United States",Technology,"Software Application"
391,"Winbond Electronics Corp",3930000000.00,2344,Taiwan,Technology,Semiconductors
392,"Hirose Electric Co.,Ltd.",3920000000.00,6806,Japan,Technology,"Electronic Components"
393,"Hyundai Autoever Corp",3910000000.00,307950,"South Korea",Technology,"Information Technology Services"
394,"ASPEED Technology, Inc.",3880000000.00,5274,Taiwan,Technology,Semiconductors
395,"GCL-Poly Energy Holdings Ltd",3860000000.00,3800,"Hong Kong",Technology,Solar
396,"Silicon Laboratories Inc.",3860000000.00,SLAB,"United States",Technology,Semiconductors
397,"Maxar Technologies Inc.",3830000000.00,MAXR,"United States",Technology,"Communication Equipment"
398,"Asana, Inc.",3790000000.00,ASAN,"United States",Technology,"Software Application"
399,"Pegasystems Inc.",3790000000.00,PEGA,"United States",Technology,"Software Application"
400,"Cornerstone OnDemand, Inc.",3790000000.00,CSOD,"United States",Technology,"Software Application"
401,"nCino, Inc.",3770000000.00,NCNO,"United States",Technology,"Software Application"
402,"Melexis NV",3760000000.00,MEX,Belgium,Technology,Semiconductors
403,"ASM Pacific Technology Ltd",3700000000.00,0522,"Hong Kong",Technology,"Semiconductor Equipment & Materials"
404,"LG Display Co. Ltd",3670000000.00,034220,"South Korea",Technology,"Consumer Electronics"
405,"Sino-American Silicon Products, Inc.",3660000000.00,5483,Taiwan,Technology,"Semiconductor Equipment & Materials"
406,"NCR Corporation",3620000000.00,NCR,"United States",Technology,"Information Technology Services"
407,"ALSO Holding AG",3610000000.00,ALSN,Switzerland,Technology,"Information Technology Services"
408,"Box, Inc.",3570000000.00,BOX,"United States",Technology,"Software Infrastructure"
409,"VisEra Technologies Company Ltd",3550000000.00,6789,Taiwan,Technology,Semiconductors
410,"Lotes Co. Ltd",3550000000.00,3533,Taiwan,Technology,"Electronic Components"
411,"Qi An Xin Technology Group, Inc.",3550000000.00,688561,China,Technology,"Software Infrastructure"
412,"Zhonghang Electronic Measuring Instruments Co. Ltd",3540000000.00,300114,China,Technology,"Scientific & Technical Instruments"
413,"WT Microelectronics Co. Ltd",3520000000.00,3036,Taiwan,Technology,Semiconductors
414,"Tower Semiconductor Ltd.",3500000000.00,TSEM,Israel,Technology,Semiconductors
415,"Softcat plc",3460000000.00,SCT,"United Kingdom",Technology,"Information Technology Services"
416,"Fuzhou Rockchip Electronics Co.,Ltd.",3440000000.00,603893,China,Technology,Semiconductors
417,"EchoStar Corporation",3430000000.00,SATS,"United States",Technology,"Communication Equipment"
418,"BlackLine, Inc.",3410000000.00,BL,"United States",Technology,"Software Infrastructure"
419,"Alteryx, Inc.",3410000000.00,AYX,"United States",Technology,"Software Application"
420,Amlogic,3400000000.00,688099,China,Technology,"Electronic Components"
421,"Zhen Ding Technology Holding Ltd",3390000000.00,4958,"Cayman Islands",Technology,Semiconductors
422,"INFICON Holding AG",3390000000.00,IFCN,Switzerland,Technology,"Scientific & Technical Instruments"
423,"OBIC Business Consultants Co. Ltd",3380000000.00,4733,Japan,Technology,"Information Technology Services"
424,"Lumentum Holdings Inc.",3380000000.00,LITE,"United States",Technology,"Communication Equipment"
425,"Nuvei Corporation",3380000000.00,NVEI,Canada,Technology,"Information Technology Services"
426,"Diodes Incorporated",3380000000.00,DIOD,"United States",Technology,Semiconductors
427,"Viasat, Inc.",3380000000.00,VSAT,"United States",Technology,"Communication Equipment"
428,"Mercell Holding ASA",3370000000.00,1HD,Norway,Technology,"Software Application"
429,"Celestica Inc.",3350000000.00,CLS,Canada,Technology,"Electronic Components"
430,"Caihong Display Devices Co.,Ltd.",3350000000.00,600707,China,Technology,"Electronic Components"
431,"Beijing Compass Technology Development Co. Ltd",3340000000.00,300803,China,Technology,"Software Application"
432,"Rinnai Corp",3340000000.00,5947,Japan,Technology,"Consumer Electronics"
433,"TianJin 712 Communication & Broadcasting Co. Ltd",3320000000.00,603712,China,Technology,"Communication Equipment"
434,"Renishaw plc",3320000000.00,RSW,"United Kingdom",Technology,"Scientific & Technical Instruments"
435,"King Yuan Electronics Co. Ltd",3300000000.00,2449,Taiwan,Technology,Semiconductors
436,"JFrog Ltd.",3280000000.00,FROG,"United States",Technology,"Software Application"
437,"Tsinghua Tongfang Co. Ltd",3280000000.00,600100,China,Technology,"Computer Hardware"
438,"Technology One Limited",3280000000.00,TNE,Australia,Technology,"Software Application"
439,"Riot Blockchain, Inc.",3280000000.00,RIOT,"United States",Technology,"Software Application"
440,"Gold Circuit Electronics Ltd",3260000000.00,2368,Taiwan,Technology,"Electronic Components"
441,"Taiyo Yuden Co. Ltd",3260000000.00,6976,Japan,Technology,"Electronic Components"
442,"AAC Technologies Holdings, Inc.",3250000000.00,2018,China,Technology,"Communication Equipment"
443,"Sichuan Changhong Electric Co.,Ltd.",3250000000.00,600839,China,Technology,"Consumer Electronics"
444,"Sprinklr, Inc.",3240000000.00,CXM,"United States",Technology,"Software Application"
445,"Powertech Technology, Inc.",3240000000.00,6239,Taiwan,Technology,"Semiconductor Equipment & Materials"
446,"Commvault Systems, Inc.",3240000000.00,CVLT,"United States",Technology,"Software Application"
447,"Tripod Technology Corp",3240000000.00,3044,Taiwan,Technology,"Electronic Components"
448,"Itron, Inc.",3220000000.00,ITRI,"United States",Technology,"Scientific & Technical Instruments"
449,"Jentech Precision Industrial Co. Ltd",3210000000.00,3653,Taiwan,Technology,"Electronic Components"
450,"Faraday Technology Corp",3210000000.00,3035,Taiwan,Technology,"Semiconductor Equipment & Materials"
451,"Phison Electronics Corp",3200000000.00,8299,Taiwan,Technology,"Computer Hardware"
452,"Hangzhou Changchuan Technology Co.,Ltd",3200000000.00,300604,China,Technology,"Semiconductor Equipment & Materials"
453,"Vishay Intertechnology, Inc.",3190000000.00,VSH,"United States",Technology,Semiconductors
454,"C3.ai, Inc.",3190000000.00,AI,"United States",Technology,"Information Technology Services"
455,"ACI Worldwide, Inc.",3190000000.00,ACIW,"United States",Technology,"Software Infrastructure"
456,"VeriSilicon Microelectronics",3180000000.00,688521,China,Technology,Semiconductors
457,"Rapid7, Inc.",3160000000.00,RPD,"United States",Technology,"Software Application"
458,"Rakus Co. Ltd",3130000000.00,3923,Japan,Technology,"Information Technology Services"
459,"HORIBA Ltd",3130000000.00,6856,Japan,Technology,"Scientific & Technical Instruments"
460,"Sprout Social, Inc.",3130000000.00,SPT,"United States",Technology,"Software Application"
461,"Nihon Unisys Ltd",3100000000.00,8056,Japan,Technology,"Information Technology Services"
462,"Chindata Group Holdings Limited",3100000000.00,CD,China,Technology,"Information Technology Services"
463,"Shanghai Fudan Microelectronics Group Company Ltd",3060000000.00,1385,China,Technology,"Semiconductor Equipment & Materials"
464,"Alarm.com Holdings, Inc.",3060000000.00,ALRM,"United States",Technology,"Software Application"
465,"Camtek Ltd.",3050000000.00,CAMT,Israel,Technology,"Semiconductor Equipment & Materials"
466,"Venture Corp Ltd",3040000000.00,V03,Singapore,Technology,"Electronic Components"
467,"DigitalOcean Holdings, Inc.",3040000000.00,DOCN,"United States",Technology,"Software Infrastructure"
468,"Qisda Corp",3030000000.00,2352,Taiwan,Technology,"Computer Hardware"
469,"Wuhan Jingce Electronic Group Co. Ltd",3020000000.00,300567,China,Technology,"Scientific & Technical Instruments"
470,"Ziff Davis, Inc.",3020000000.00,JXC1,"United States",Technology,"Software Infrastructure"
471,"Darktrace plc",3020000000.00,DARK,"United Kingdom",Technology,"Software Infrastructure"
472,"NS Solutions Corp",3020000000.00,2327,Japan,Technology,"Information Technology Services"
473,"J2 Global, Inc.",3010000000.00,JCOM,"United States",Technology,"Software Infrastructure"
474,"Siltronic AG",3010000000.00,WAF,Germany,Technology,Semiconductors
475,"SoftwareONE Holding AG",2980000000.00,SWON,Switzerland,Technology,"Software Application"
476,"Jiangsu Goodwe Power Supply Technology Co.,Ltd.",2980000000.00,688390,China,Technology,"Electronic Components"
477,"EVO Payments, Inc.",2980000000.00,EVOP,"United States",Technology,"Software Infrastructure"
478,"Beijing E-Hualu Information Technology Co. Ltd",2980000000.00,300212,China,Technology,"Software Application"
479,"Chroma ATE, Inc.",2980000000.00,2360,Taiwan,Technology,"Scientific & Technical Instruments"
480,"Kinaxis Inc.",2940000000.00,KXS,Canada,Technology,"Software Application"
481,"Software AG",2930000000.00,SOW,Germany,Technology,"Software Infrastructure"
482,"Shenzhen Sunway Communication Co. Ltd",2930000000.00,300136,China,Technology,"Communication Equipment"
483,"FormFactor, Inc.",2930000000.00,FORM,"United States",Technology,Semiconductors
484,"RingCentral, Inc.",2910000000.00,RNG,"United States",Technology,"Software Application"
485,"Guangdong Hec Technologyholding Co. Ltd",2900000000.00,600673,China,Technology,"Electronic Components"
486,"Fangda Carbon New Material Technology Co. Ltd",2890000000.00,600516,China,Technology,"Electronic Components"
487,"Kulicke and Soffa Industries, Inc.",2880000000.00,KLIC,Singapore,Technology,"Semiconductor Equipment & Materials"
488,"Plexus Corp.",2880000000.00,PLXS,"United States",Technology,"Electronic Components"
489,"Carel Industries S.p.A.",2870000000.00,CRL,Italy,Technology,"Electronic Components"
490,"Jiangsu Hoperun Software Co. Ltd",2850000000.00,300339,China,Technology,"Software Application"
491,"Calix, Inc.",2850000000.00,CALX,"United States",Technology,"Software Application"
492,"Lightspeed POS Inc.",2840000000.00,LSPD,Canada,Technology,"Software Application"
493,"Sanmina Corporation",2840000000.00,SANM,"United States",Technology,"Electronic Components"
494,"AP Memory Technology Corp",2800000000.00,6531,Taiwan,Technology,Semiconductors
495,"Dometic Group AB",2800000000.00,DOM,Sweden,Technology,"Consumer Electronics"
496,"Parade Technologies Ltd",2790000000.00,4966,"Cayman Islands",Technology,Semiconductors
497,"Mycronic AB",2790000000.00,MYCR,Sweden,Technology,"Electronic Components"
498,"Vocera Communications, Inc.",2770000000.00,VCRA,"United States",Technology,"Communication Equipment"
499,"Lagercrantz Group AB",2760000000.00,LAGR.B,Sweden,Technology,"Information Technology Services"
500,"TietoEVRY Oyj",2760000000.00,TIETO,Finland,Technology,"Information Technology Services"
501,"Cielo SA",2710000000.00,CIEL3,Brazil,Technology,"Information Technology Services"
502,"CECEP Environmental Protection Equipment Co. Ltd",2710000000.00,300140,China,Technology,"Electronic Components"
503,"Wangsu Science & Technology Co.,Ltd.",2700000000.00,300017,China,Technology,"Software Infrastructure"
504,"Indra Sistemas, SA",2690000000.00,IDR,Spain,Technology,"Information Technology Services"
505,"Compeq Manufacturing Co. Ltd",2690000000.00,2313,Taiwan,Technology,"Electronic Components"
506,"Fuji Soft, Inc.",2690000000.00,9749,Japan,Technology,"Information Technology Services"
507,"ESCO Technologies Inc.",2680000000.00,ESE,"United States",Technology,"Scientific & Technical Instruments"
508,"Yangzhou Yangjie Electronic Technology Co. Ltd",2670000000.00,300373,China,Technology,Semiconductors
509,"Xiamen Faratronic Co. Ltd",2670000000.00,600563,China,Technology,"Electronic Components"
510,"Flywire Corp",2650000000.00,FLYW,"United States",Technology,"Information Technology Services"
511,"Network International Holdings plc",2650000000.00,NETW,"United Arab Emirates",Technology,"Information Technology Services"
512,"Information Services International-Dentsu Ltd",2640000000.00,4812,Japan,Technology,"Information Technology Services"
513,"Envestnet, Inc.",2640000000.00,ENV,"United States",Technology,"Software Application"
514,"ArÃ§elik Anonim Sirketi",2640000000.00,ARCLK,Turkey,Technology,"Consumer Electronics"
515,"RIB Software SE",2630000000.00,RIBU,Germany,Technology,"Software Application"
516,"Aisino Corp",2630000000.00,600271,China,Technology,"Software Application"
517,"Bumble, Inc.",2630000000.00,BMBL,"United States",Technology,"Software Application"
518,"Risen Energy Co.,Ltd.",2630000000.00,300118,China,Technology,Semiconductors
519,"SiTime Corporation",2620000000.00,SITM,"United States",Technology,Semiconductors
520,"Fiberhome Telecommunication Technologies Co. Ltd",2610000000.00,600498,China,Technology,"Communication Equipment"
521,"VIA Technologies, Inc.",2600000000.00,2388,Taiwan,Technology,Semiconductors
522,"TeamViewer AG",2590000000.00,TMV,Germany,Technology,"Software Application"
523,"Bottomline Technologies, Inc.",2590000000.00,EPAY,"United States",Technology,"Software Infrastructure"
524,"EVERTEC, Inc.",2580000000.00,EVTC,"United States",Technology,"Software Infrastructure"
525,"Raytron Technology Co.,Ltd.",2580000000.00,688002,China,Technology,"Electronic Components"
526,"Razer, Inc.",2580000000.00,RAZFF,"United States",Technology,"Computer Hardware"
527,"Tokyo Ohka Kogyo Co. Ltd",2570000000.00,4186,Japan,Technology,"Electronic Components"
528,"Ningbo Ronbay New Energy Technology Co. Ltd",2520000000.00,688005,China,Technology,"Electronic Components"
529,"China Marine Information Electronics Company Ltd",2500000000.00,600764,China,Technology,"Computer Hardware"
530,"Shenzhen Kinwong Electronic Co. Ltd",2500000000.00,603228,China,Technology,"Electronic Components"
531,"Shoals Technologies Group, Inc.",2500000000.00,SHLS,"United States",Technology,Solar
532,"Hangzhou Lion Electronics Co.,Ltd",2470000000.00,605358,China,Technology,Semiconductors
533,"3Peak, Inc.",2470000000.00,688536,China,Technology,"Semiconductor Equipment & Materials"
534,"Ping Identity Holding Corp.",2460000000.00,PING,"United States",Technology,"Software Infrastructure"
535,"Appian Corporation",2440000000.00,APPN,"United States",Technology,"Software Infrastructure"
536,"Maruwa Co., Ltd.",2420000000.00,5344,Japan,Technology,"Electronic Components"
537,"NEC Networks & System Integration Corp",2420000000.00,1973,Japan,Technology,"Information Technology Services"
538,"Beijing Ultrapower Software Co. Ltd",2390000000.00,300002,China,Technology,"Software Application"
539,"Foxconn Technology Co. Ltd",2390000000.00,2354,Taiwan,Technology,"Computer Hardware"
540,"Rogers Corporation",2390000000.00,ROG,"United States",Technology,"Electronic Components"
541,"Beijing United Information Technology Co.,Ltd.",2380000000.00,603613,China,Technology,"Information Technology Services"
542,"Beijing Sinnet Technology Co. Ltd",2360000000.00,300383,China,Technology,"Software Infrastructure"
543,"Q2 Holdings, Inc.",2360000000.00,QTWO,"United States",Technology,"Software Application"
544,"Sinosoft Co.,Ltd",2350000000.00,603927,China,Technology,"Software Application"
545,"Tokyo Seimitsu Co. Ltd",2340000000.00,7729,Japan,Technology,Semiconductors
546,"Cowell e Holdings, Inc.",2320000000.00,1415,China,Technology,"Electronic Components"
547,"SES-imagotag SA",2320000000.00,SESL,France,Technology,"Electronic Components"
548,"Comet Holding AG",2310000000.00,COTN,Switzerland,Technology,"Scientific & Technical Instruments"
549,"HMS Networks AB",2310000000.00,HMS,Sweden,Technology,"Communication Equipment"
550,"Voyager Digital Canada Ltd",2300000000.00,VYGR,"United States",Technology,"Software Application"
551,"TELUS International (Cda) Inc.",2290000000.00,TIXT,Canada,Technology,"Software Infrastructure"
552,"Kingboard Laminates Holdings Ltd",2290000000.00,1888,"Hong Kong",Technology,"Electronic Components"
553,"Electric Connector Technology Co. Ltd",2280000000.00,300679,China,Technology,"Electronic Components"
554,"Navtech, Inc.",2280000000.00,300456,China,Technology,"Scientific & Technical Instruments"
555,"Wistron NeWeb Corp",2280000000.00,6285,Taiwan,Technology,"Communication Equipment"
556,"Progress Software Corporation",2270000000.00,PRGS,"United States",Technology,"Software Application"
557,"ULVAC, Inc.",2270000000.00,6728,Japan,Technology,"Electronic Components"
558,"LiveRamp Holdings, Inc.",2260000000.00,RAMP,"United States",Technology,"Information Technology Services"
559,"DBG Technology Co. Ltd",2250000000.00,300735,China,Technology,"Consumer Electronics"
560,"Eutelsat Communications SA",2250000000.00,ETL,France,Technology,"Communication Equipment"
561,"Longshine Technology Group Co.,Ltd.",2250000000.00,300682,China,Technology,"Software Application"
562,"Ambarella, Inc.",2240000000.00,AMBA,"United States",Technology,"Semiconductor Equipment & Materials"
563,"Alkami Technology, Inc.",2230000000.00,ALKT,"United States",Technology,"Software Application"
564,"SINBON Electronics Co. Ltd",2220000000.00,3023,Taiwan,Technology,"Electronic Components"
565,"Extreme Networks, Inc.",2220000000.00,EXTR,"United States",Technology,"Communication Equipment"
566,"InfoVision Optoelectronics",2200000000.00,688055,China,Technology,"Electronic Components"
567,"Jamf Holding Corp.",2190000000.00,JAMF,"United States",Technology,"Software Application"
568,"Shanghai Huace Navigation Technology Ltd",2190000000.00,300627,China,Technology,"Scientific & Technical Instruments"
569,"Impinj, Inc.",2180000000.00,PI,"United States",Technology,"Communication Equipment"
570,"Silicon Motion Technology Corporation",2170000000.00,SIMO,"Hong Kong",Technology,Semiconductors
571,"Talend SA",2170000000.00,TLND,France,Technology,"Software Infrastructure"
572,"Viavi Solutions Inc.",2170000000.00,VIAV,"United States",Technology,"Communication Equipment"
573,"Micro Focus International plc",2160000000.00,MCRO,"United Kingdom",Technology,"Software Infrastructure"
574,"JEOL Ltd",2160000000.00,6951,Japan,Technology,"Scientific & Technical Instruments"
575,"Perficient, Inc.",2150000000.00,PRFT,"United States",Technology,"Information Technology Services"
576,"SMA Solar Technology AG",2140000000.00,S92,Germany,Technology,Solar
577,"Sykes Enterprises, Incorporated",2140000000.00,SYKE,"United States",Technology,"Information Technology Services"
578,"Legend Holdings Corp",2120000000.00,3396,China,Technology,"Computer Hardware"
579,"Fastly, Inc.",2120000000.00,FSLY,"United States",Technology,"Software Application"
580,"Radiant Opto-Electronics Corp",2110000000.00,6176,Taiwan,Technology,"Semiconductor Equipment & Materials"
581,"ArcSoft Corp Ltd",2100000000.00,688088,China,Technology,"Information Technology Services"
582,"ACV Auctions, Inc.",2100000000.00,ACVA,"United States",Technology,"Software Application"
583,"OSI Systems, Inc.",2100000000.00,OSIS,"United States",Technology,"Electronic Components"
584,"Chinasoft International Ltd",2090000000.00,0354,China,Technology,"Information Technology Services"
585,"Nordic Semiconductor ASA",2090000000.00,NOD,Norway,Technology,Semiconductors
586,"Paymentus Holdings, Inc.",2090000000.00,PAY,"United States",Technology,"Information Technology Services"
587,"Hunan Goke Microelectronics Co.,Ltd.",2080000000.00,300672,China,Technology,Semiconductors
588,"Formosa Sumco Technology Corp",2070000000.00,3532,Taiwan,Technology,"Semiconductor Equipment & Materials"
589,"WIN Semiconductors Corp",2070000000.00,3105,Taiwan,Technology,Semiconductors
590,"Getac Technology Corp",2050000000.00,3005,Taiwan,Technology,"Computer Hardware"
591,"Victory Giant Technology",2050000000.00,300476,China,Technology,"Electronic Components"
592,"Xerox Holdings Corporation",2040000000.00,XRX,"United States",Technology,"Information Technology Services"
593,"Shanghai East-China Computer Co.,Ltd.",2040000000.00,600850,China,Technology,"Software Infrastructure"
594,"ePlus inc.",2030000000.00,PLUS,"United States",Technology,"Software Application"
595,"Anji Microelectronics Technology",2030000000.00,688019,China,Technology,"Semiconductor Equipment & Materials"
596,"Xerox Holdings Corp",2020000000.00,XER2,"United States",Technology,"Information Technology Services"
597,"SeSa S.p.A.",2020000000.00,SES,Italy,Technology,"Information Technology Services"
598,"Japan Aviation Electronics Industry Ltd",2020000000.00,6807,Japan,Technology,"Electronic Components"
599,"Casio Computer Co.,Ltd.",2020000000.00,6952,Japan,Technology,"Consumer Electronics"
600,"Leyard Optoelectronic Co. Ltd",2020000000.00,300296,China,Technology,"Electronic Components"
601,"Sonos, Inc.",2010000000.00,SONO,"United States",Technology,"Consumer Electronics"
602,"Willfar Information Technology Co. Ltd",2010000000.00,688100,China,Technology,"Information Technology Services"
603,"Beijing Huafeng Test & Control Technology Co. Ltd",2010000000.00,688200,China,Technology,Semiconductors
604,"Nippon Electric Glass Co., Ltd.",2010000000.00,5214,Japan,Technology,"Electronic Components"
605,"Shenzhen Everwin Precision Technology Co. Ltd",2000000000.00,300115,China,Technology,"Electronic Components"
606,"NPG Technology SA",2000000000.00,NPG,Japan,Technology,"Electronic Components"
607,"Jiangsu Nata Opto-electronic Material Co. Ltd",2000000000.00,300346,China,Technology,Semiconductors
608,"Wuxi Taiji Industry Company Ltd",1990000000.00,600667,China,Technology,"Semiconductor Equipment & Materials"
609,"Agilysys, Inc.",1970000000.00,AGYS,"United States",Technology,"Software Application"
610,"Jiangxi Lianchuang Opto-Electronic Science&Technology Co.,Ltd",1970000000.00,600363,China,Technology,"Electronic Components"
611,"Konfoong Materials International Co. Ltd",1960000000.00,300666,China,Technology,"Semiconductor Equipment & Materials"
612,"PagerDuty, Inc.",1960000000.00,PD,"United States",Technology,"Software Application"
613,"Suzhou HYC Technology Co.,Ltd.",1940000000.00,688001,China,Technology,"Electronic Components"
614,"BlackBerry Limited",1920000000.00,BB,Canada,Technology,"Software Infrastructure"
615,"SolarWinds Corporation",1910000000.00,SWI,"United States",Technology,"Software Infrastructure"
616,"Solus Advanced Materials Co. Ltd",1910000000.00,336370,"South Korea",Technology,"Electronic Components"
617,"Nuvoton Technology Corp",1910000000.00,4919,Taiwan,Technology,Semiconductors
618,"QT Group Oyj",1900000000.00,QTCOM,Finland,Technology,"Software Application"
619,"Yangtze Optical Fibre And Cable Joint Stock Ltd Company",1900000000.00,601869,China,Technology,"Communication Equipment"
620,"CleanSpark, Inc.",1890000000.00,CLSK,"United States",Technology,"Software Infrastructure"
621,"China Wafer Level CSP Co. Ltd",1880000000.00,603005,China,Technology,Semiconductors
622,"Fibocom Wireless, Inc.",1880000000.00,300638,China,Technology,"Communication Equipment"
623,"Xinte Energy Co. Ltd",1880000000.00,1799,China,Technology,Solar
624,"Daqo New Energy Corp.",1880000000.00,DQ,China,Technology,"Semiconductor Equipment & Materials"
625,"Macronix International Co. Ltd",1880000000.00,2337,Taiwan,Technology,Semiconductors
626,"GreenSky, Inc.",1850000000.00,GSKY,"United States",Technology,"Software Infrastructure"
627,"Walsin Technology Corp",1830000000.00,2492,Taiwan,Technology,"Electronic Components"
628,"Alps Alpine Co Ltd",1830000000.00,6770,Japan,Technology,"Consumer Electronics"
629,"Allwinnertech Technology Co.,Ltd.",1830000000.00,300458,China,Technology,Semiconductors
630,"Mitsui High-tec, Inc.",1830000000.00,6966,Japan,Technology,Semiconductors
631,"Beijing Jetsen Technology Co. Ltd",1810000000.00,300182,China,Technology,"Information Technology Services"
632,"Chipbond Technology Corp",1810000000.00,6147,Taiwan,Technology,Semiconductors
633,"Photronics, Inc.",1800000000.00,PLAB,"United States",Technology,"Semiconductor Equipment & Materials"
634,"SEMrush Holdings, Inc.",1790000000.00,SEMR,"United States",Technology,"Software Application"
635,"Kainos Group plc",1790000000.00,KNOS,"United Kingdom",Technology,"Software Application"
636,"Com7 Public Company Ltd",1790000000.00,COM7,Thailand,Technology,"Electronics & Computer Distribution"
637,"Sunnova Energy International Inc.",1780000000.00,NOVA,"United States",Technology,Solar
638,"iFAST Corp Ltd",1780000000.00,AIY,Singapore,Technology,"Software Application"
639,"Bytes Technology Group plc",1780000000.00,BYIT,"United Kingdom",Technology,"Software Application"
640,"Quectel Wireless Solutions Co. Ltd",1770000000.00,603236,China,Technology,"Communication Equipment"
641,"Vicor Corporation",1770000000.00,VICR,"United States",Technology,"Electronic Components"
642,"KCE Electronics Public Company Ltd",1770000000.00,KCE,Thailand,Technology,"Electronic Components"
643,"MaxLinear, Inc.",1770000000.00,MXL,"United States",Technology,Semiconductors
644,"Rorze Corp",1760000000.00,6323,Japan,Technology,"Semiconductor Equipment & Materials"
645,"Kingclean Electric Co.Ltd",1760000000.00,603355,China,Technology,"Consumer Electronics"
646,"INESA Intelligent Tech, Inc.",1760000000.00,600602,China,Technology,"Software Infrastructure"
647,"Dexerials Corp",1740000000.00,4980,Japan,Technology,"Electronic Components"
648,"Zeta Global Holdings Corp",1740000000.00,ZETA,"United States",Technology,"Software Application"
649,"Lakala Payment Co. Ltd",1740000000.00,300773,China,Technology,"Software Application"
650,"JAPAN MATERIAL Co. Ltd",1720000000.00,6055,Japan,Technology,Semiconductors
651,"QAD Inc.",1720000000.00,QADA,"United States",Technology,"Software Application"
652,"Sharetronic Data Technology Co. Ltd",1720000000.00,300857,China,Technology,"Consumer Electronics"
653,"Atoss Software AG",1720000000.00,AOF,Germany,Technology,"Software Application"
654,"Wuhan Raycus Fiber Laser Technologies Co.,Ltd.",1720000000.00,300747,China,Technology,"Scientific & Technical Instruments"
655,"TKH Group N.V.",1710000000.00,TWEKA,Netherlands,Technology,"Communication Equipment"
656,"LifeWorks, Inc.",1710000000.00,LWRK,Canada,Technology,"Software Application"
657,"Founder Technology Group Corp",1710000000.00,600601,China,Technology,"Computer Hardware"
658,"TRS Information Technology Co. Ltd",1700000000.00,300229,China,Technology,"Software Application"
659,"Amano Corp",1700000000.00,6436,Japan,Technology,"Scientific & Technical Instruments"
660,"Oxford Instruments plc",1690000000.00,OXIG,"United Kingdom",Technology,"Semiconductor Equipment & Materials"
661,"Cellebrite DI Ltd",1690000000.00,CLBT,Israel,Technology,"Software Infrastructure"
662,"JinkoSolar Holding Co., Ltd.",1690000000.00,JKS,China,Technology,Solar
663,"Kahoot! AS",1670000000.00,KAHOT,Norway,Technology,"Software Application"
664,"PC Connection, Inc.",1670000000.00,CNXN,"United States",Technology,"Electronics & Computer Distribution"
665,"MiTAC Holdings Corp",1670000000.00,3706,Taiwan,Technology,"Computer Hardware"
666,"Blue Prism Group plc",1660000000.00,PRSM,"United Kingdom",Technology,"Software Infrastructure"
667,"Pci Technology Group Co.,Ltd.",1660000000.00,600728,China,Technology,"Information Technology Services"
668,"Wonders Information Co. Ltd",1650000000.00,300168,China,Technology,"Information Technology Services"
669,"Sabre Corporation",1650000000.00,SABR,"United States",Technology,"Information Technology Services"
670,"Jenoptik AG",1640000000.00,JEN,Germany,Technology,"Electronic Components"
671,"Jingjin Environmental Protection Co.,Ltd.",1640000000.00,603279,China,Technology,"Scientific & Technical Instruments"
672,"Wondershare Technology Group Co. Ltd",1630000000.00,300624,China,Technology,"Software Application"
673,"GDS Holdings Limited",1630000000.00,GDS,China,Technology,"Information Technology Services"
674,"Netcompany Group A-S",1620000000.00,NETC,Denmark,Technology,"Information Technology Services"
675,"Verint Systems Inc.",1620000000.00,VRNT,"United States",Technology,"Software Infrastructure"
676,"Zhuzhou Hongda Electronics Corp,Ltd.",1610000000.00,300726,China,Technology,"Electronic Components"
677,"Veeco Instruments Inc.",1610000000.00,VECO,"United States",Technology,"Semiconductor Equipment & Materials"
678,"Chengdu CORPRO Technology Co. Ltd",1600000000.00,300101,China,Technology,"Communication Equipment"
679,"Computer Services, Inc.",1590000000.00,CSVI,"United States",Technology,"Information Technology Services"
680,"BTRS Holdings Inc.",1590000000.00,BTRS,"United States",Technology,"Software Application"
681,"Fujian Torch Electron Technology Co. Ltd",1590000000.00,603678,China,Technology,"Electronic Components"
682,"Shanghai Weaver Network Co. Ltd",1580000000.00,603039,China,Technology,"Software Application"
683,"Appotronics Corp Ltd",1580000000.00,688007,China,Technology,"Consumer Electronics"
684,"Barco NV",1570000000.00,BC1P,Belgium,Technology,"Electronic Components"
685,"Cohu, Inc.",1570000000.00,COHU,"United States",Technology,"Semiconductor Equipment & Materials"
686,"Compass, Inc.",1570000000.00,COMP,"United States",Technology,"Software Application"
687,"Wavestone SA",1560000000.00,2WSA,France,Technology,"Information Technology Services"
688,"Devoteam SA",1560000000.00,DVT,France,Technology,"Information Technology Services"
689,"Fujian Boss Software Corp",1560000000.00,300525,China,Technology,"Software Application"
690,"Jiangsu JieJie Microelectronics Co.,Ltd.",1560000000.00,300623,China,Technology,"Semiconductor Equipment & Materials"
691,"Yusys Technologies Co. Ltd",1550000000.00,300674,China,Technology,"Information Technology Services"
692,"Fujimi, Inc.",1550000000.00,5384,Japan,Technology,"Semiconductor Equipment & Materials"
693,"Canadian Solar Inc.",1540000000.00,CSIQ,Canada,Technology,Solar
694,"Money Forward, Inc.",1540000000.00,3994,Japan,Technology,"Software Application"
695,"TTM Technologies, Inc.",1540000000.00,TTMI,"United States",Technology,"Electronic Components"
696,"Knowles Corporation",1520000000.00,KN,"United States",Technology,"Communication Equipment"
697,"Vaisala Oyj",1520000000.00,VAIAS,Finland,Technology,"Scientific & Technical Instruments"
698,"Wuxi NCE Power Co. Ltd",1520000000.00,605111,China,Technology,"Semiconductor Equipment & Materials"
699,"Beijing Yuanliu Hongyuan Electronic Technology Co. Ltd",1520000000.00,603267,China,Technology,"Electronic Components"
700,"Eastern Communications Co. Ltd",1520000000.00,600776,China,Technology,"Communication Equipment"
701,"Beijing Jingyuntong Technology Co. Ltd",1520000000.00,601908,China,Technology,"Semiconductor Equipment & Materials"
702,"PROS Holdings, Inc.",1520000000.00,PRO,"United States",Technology,"Software Application"
703,Jolywood,1520000000.00,300393,China,Technology,Solar
704,"Neusoft Corp",1520000000.00,600718,China,Technology,"Software Application"
705,"CSG Systems International, Inc.",1510000000.00,CSGS,"United States",Technology,"Software Infrastructure"
706,"4Sight Holdings Ltd",1510000000.00,4SI,Mauritius,Technology,"Information Technology Services"
707,"HC SemiTek Corp",1500000000.00,300323,China,Technology,"Semiconductor Equipment & Materials"
708,"Duck Creek Technologies, Inc.",1500000000.00,DCT,"United States",Technology,"Software Application"
709,"Sumo Logic, Inc.",1500000000.00,SUMO,"United States",Technology,"Software Application"
710,"SociÃ©tÃ© pour l'Informatique Industrielle SII SA",1490000000.00,XII,France,Technology,"Information Technology Services"
711,"NSD Co. Ltd",1490000000.00,9759,Japan,Technology,"Software Application"
712,"Beijing eGOVA Co,. Ltd",1480000000.00,300075,China,Technology,"Software Application"
713,"NetScout Systems, Inc.",1480000000.00,NTCT,"United States",Technology,"Software Infrastructure"
714,"Vtech Holdings Ltd",1480000000.00,0303,"Hong Kong",Technology,"Communication Equipment"
715,"Genius Electronic Optical Co. Ltd",1480000000.00,3406,Taiwan,Technology,"Computer Hardware"
716,"VIZIO Holding Corp",1470000000.00,VZIO,"United States",Technology,"Consumer Electronics"
717,"SociÃ©tÃ© Industrielle et FinanciÃ¨re de l'Artois SA",1470000000.00,ARTO,France,Technology,"Computer Hardware"
718,"Henan Yicheng New Energy Co. Ltd",1460000000.00,300080,China,Technology,"Semiconductor Equipment & Materials"
719,"Huber+Suhner AG",1460000000.00,HUBN,Switzerland,Technology,"Communication Equipment"
720,"Enghouse Systems Limited",1460000000.00,ENGH,Canada,Technology,"Software Application"
721,"ELAN Microelectronics Corp",1450000000.00,2458,Taiwan,Technology,Semiconductors
722,"Sensirion Holding AG",1450000000.00,SENS,Switzerland,Technology,"Scientific & Technical Instruments"
723,"Shenzhen Kingdom Sci-Tech Co. Ltd",1450000000.00,600446,China,Technology,"Software Application"
724,"Business-intelligence of Oriental Nations Corp Ltd",1450000000.00,300166,China,Technology,"Software Application"
725,"Shanghai Sinyang Semiconductor Materials Co. Ltd",1440000000.00,300236,China,Technology,Semiconductors
726,"Beijing Tongtech Co. Ltd",1440000000.00,300379,China,Technology,"Software Application"
727,"Kinsus Interconnect Technology Corp",1440000000.00,3189,Taiwan,Technology,Semiconductors
728,"Advanced Fiber Resources",1430000000.00,300620,China,Technology,"Communication Equipment"
729,"Dicker Data Limited",1420000000.00,DDR,Australia,Technology,"Electronics & Computer Distribution"
730,"JustSystems Corp",1420000000.00,4686,Japan,Technology,"Software Infrastructure"
731,"TDG Holding Co. Ltd",1420000000.00,600330,China,Technology,"Electronic Components"
732,"Cricut, Inc.",1420000000.00,CRCT,"United States",Technology,"Computer Hardware"
733,"Ningbo Yongxin Optics Co. Ltd",1420000000.00,603297,China,Technology,"Scientific & Technical Instruments"
734,"Grinm Advanced Materials Co. Ltd",1410000000.00,600206,China,Technology,"Semiconductor Equipment & Materials"
735,"Intelbras S.A. - IndÃºstria de TelecomunicaÃ§Ã£o EletrÃ´nica Brasileira",1410000000.00,INTB3,Brazil,Technology,"Communication Equipment"
736,"Ultra Clean Holdings, Inc.",1410000000.00,UCTT,"United States",Technology,"Semiconductor Equipment & Materials"
737,"Harmonic Inc.",1400000000.00,HLIT,"United States",Technology,"Communication Equipment"
738,"Corsair Gaming, Inc.",1400000000.00,CRSR,"United States",Technology,"Computer Hardware"
739,"Guangdong Aofei Data Technology Co. Ltd",1390000000.00,300738,China,Technology,"Information Technology Services"
740,"Sineng Electric Co.,Ltd.",1390000000.00,300827,China,Technology,"Electronic Components"
741,"Whirlpool SA",1380000000.00,WHRL3,Brazil,Technology,"Consumer Electronics"
742,"Atea ASA",1380000000.00,ATEA,Norway,Technology,"Information Technology Services"
743,"Better Collective A/S",1370000000.00,9C8,Denmark,Technology,"Software Application"
744,"M31 Technology Corp",1370000000.00,6643,Taiwan,Technology,Semiconductors
745,"TKC Corp",1370000000.00,9746,Japan,Technology,"Information Technology Services"
746,"Bizlink Holding, Inc.",1360000000.00,3665,Taiwan,Technology,"Computer Hardware"
747,"NCAB Group AB",1360000000.00,NCAB,Sweden,Technology,"Electronic Components"
748,"Xiamen Leading Optics Co. Ltd",1360000000.00,605118,China,Technology,"Electronic Components"
749,"X-FAB Silicon Foundries SE",1360000000.00,XFAB,Belgium,Technology,Semiconductors
750,"Shenzhen FRD Science & Technology Co. Ltd",1350000000.00,300602,China,Technology,"Electronic Components"
751,"QuantumCTek Co. Ltd",1350000000.00,688027,China,Technology,"Communication Equipment"
752,"Shanghai Belling Co. Ltd",1350000000.00,600171,China,Technology,"Semiconductor Equipment & Materials"
753,"Shenzhen InfoGem Technologies Co. Ltd",1350000000.00,300085,China,Technology,"Software Infrastructure"
754,"Docebo Inc.",1340000000.00,DCBO,Canada,Technology,"Software Application"
755,"Guangdong Create Century Intelligent Equipment Group Corp Ltd",1340000000.00,300083,China,Technology,"Electronic Components"
756,"SuperMap Software Co. Ltd",1330000000.00,300036,China,Technology,"Scientific & Technical Instruments"
757,"CTS Corporation",1330000000.00,CTS,"United States",Technology,"Electronic Components"
758,"Net One Systems Co. Ltd",1320000000.00,7518,Japan,Technology,"Information Technology Services"
759,"Jiangsu Cnano Technology Co. Ltd",1320000000.00,688116,China,Technology,"Electronic Components"
760,"Semtech Corporation",1320000000.00,SMTC,"United States",Technology,Semiconductors
761,"Lectra SA",1310000000.00,LET,France,Technology,"Software Application"
762,"Hana Microelectronics Public Company Ltd",1310000000.00,HANA,Thailand,Technology,"Electronic Components"
763,"Yantai Zhenghai Magnetic Material Co. Ltd",1310000000.00,300224,China,Technology,"Electronic Components"
764,"Sansan, Inc.",1310000000.00,4443,Japan,Technology,"Software Application"
765,"Plantronics, Inc.",1310000000.00,PLT,"United States",Technology,"Communication Equipment"
766,"Kanematsu Corp",1300000000.00,8020,Japan,Technology,"Electronics & Computer Distribution"
767,"Olympic Circuit Technology Co. Ltd",1300000000.00,603920,China,Technology,"Electronic Components"
768,"Elmos Semiconductor SE",1290000000.00,ELG,Germany,Technology,"Semiconductor Equipment & Materials"
769,"Tuya, Inc.",1290000000.00,TUYA,China,Technology,"Software Infrastructure"
770,"Paya Holdings Inc.",1280000000.00,PAYA,"United States",Technology,"Software Application"
771,"Nagarro SE",1280000000.00,NA9,Germany,Technology,"Information Technology Services"
772,"Ideagen plc",1270000000.00,IDEA,"United Kingdom",Technology,"Software Application"
773,"EmbedWay Technologies",1270000000.00,603496,China,Technology,"Communication Equipment"
774,"Asseco Poland SA",1270000000.00,SFB1,Poland,Technology,"Software Application"
775,"CIG ShangHai Co. Ltd",1260000000.00,603083,China,Technology,"Communication Equipment"
776,"Arctech Solar Holding Co. Ltd",1260000000.00,688408,China,Technology,Solar
777,"Hangzhou DPtech Technologies Co.,Ltd.",1250000000.00,300768,China,Technology,"Software Infrastructure"
778,"Anritsu Corp",1240000000.00,6754,Japan,Technology,"Electronic Components"
779,"XiaMen HongXin Electron-tech Group Co.,Ltd",1240000000.00,300657,China,Technology,"Electronic Components"
780,"Zhejiang Lante Optics Co. Ltd",1240000000.00,688127,China,Technology,"Semiconductor Equipment & Materials"
781,"Unilumin Group Co. Ltd",1230000000.00,300232,China,Technology,"Electronic Components"
782,"Kanematsu Electronics Ltd",1230000000.00,8096,Japan,Technology,"Information Technology Services"
783,"E2open Parent Holdings, Inc.",1230000000.00,ETWO,"United States",Technology,"Software Infrastructure"
784,"Shanghai AtHub Co. Ltd",1220000000.00,603881,China,Technology,"Information Technology Services"
785,"Matrix IT Ltd",1210000000.00,MTRX,Israel,Technology,"Software Application"
786,"Richinfo Technology Co. Ltd",1210000000.00,300634,China,Technology,"Software Application"
787,"Arcadyan Technology Corp",1210000000.00,3596,Taiwan,Technology,"Communication Equipment"
788,"Northern Data AG",1200000000.00,NB2,Germany,Technology,"Software Application"
789,"Sichuan Furong Technology Co. Ltd",1200000000.00,603327,China,Technology,"Consumer Electronics"
790,"Luminar Technologies, Inc.",1200000000.00,LAZR,"United States",Technology,"Software Application"
791,"CANCOM SE",1200000000.00,COK,Germany,Technology,"Information Technology Services"
792,"Maytronics Ltd",1200000000.00,MTRN,Israel,Technology,"Consumer Electronics"
793,"Sierra Wireless, Inc.",1190000000.00,SW,Canada,Technology,"Communication Equipment"
794,"AKKA Technologies SE",1190000000.00,AF5,Belgium,Technology,"Information Technology Services"
795,"Suzhou Sushi Testing Group Co.,Ltd.",1190000000.00,300416,China,Technology,"Scientific & Technical Instruments"
796,"Sanken Electric Co. Ltd",1190000000.00,6707,Japan,Technology,Semiconductors
797,"Zuora, Inc.",1190000000.00,ZUO,"United States",Technology,"Software Infrastructure"
798,"Guangzhou Sie Consulting Co. Ltd",1190000000.00,300687,China,Technology,"Information Technology Services"
799,"IReader Technology Co. Ltd",1180000000.00,603533,China,Technology,"Software Application"
800,"Topcon Corp",1170000000.00,7732,Japan,Technology,"Scientific & Technical Instruments"
801,"freee K.K.",1170000000.00,4478,Japan,Technology,"Software Application"
802,"Datang Telecom Technology Co. Ltd",1160000000.00,600198,China,Technology,"Communication Equipment"
803,"Kaga Electronics Co.,Ltd.",1160000000.00,8154,Japan,Technology,"Electronics & Computer Distribution"
804,"Chengdu Information Technology of The Chinese Academy of Sciences Co. Ltd",1160000000.00,300678,China,Technology,"Software Application"
805,Neurones,1160000000.00,NRO,France,Technology,"Information Technology Services"
806,"S&T AG",1160000000.00,SANT,Austria,Technology,"Computer Hardware"
807,"T&S Communications Co.,Ltd.",1160000000.00,300570,China,Technology,"Communication Equipment"
808,"Piesat Information Technology Co. Ltd",1160000000.00,688066,China,Technology,"Software Application"
809,"Hunan Aihua Group Co. Ltd",1160000000.00,603989,China,Technology,"Electronic Components"
810,"Ennoconn Corp",1160000000.00,6414,Taiwan,Technology,"Computer Hardware"
811,"Jushri Technologies, Inc.",1150000000.00,300762,China,Technology,"Communication Equipment"
812,"TOWA Corp",1150000000.00,6315,Japan,Technology,Semiconductors
813,"ADVA Optical Networking SE",1150000000.00,ADV,Germany,Technology,"Communication Equipment"
814,"Beijing Ctrowell Technology Corp Ltd",1150000000.00,300455,China,Technology,"Scientific & Technical Instruments"
815,"HannStar Display Corp",1140000000.00,6116,Taiwan,Technology,"Computer Hardware"
816,"ENNOSTAR, Inc.",1140000000.00,3714,Taiwan,Technology,"Electronic Components"
817,"Sercomm Corp",1140000000.00,5388,Taiwan,Technology,"Communication Equipment"
818,"PDF Solutions, Inc.",1130000000.00,PDFS,"United States",Technology,"Software Application"
819,"Digital Garage, Inc.",1130000000.00,4819,Japan,Technology,"Information Technology Services"
820,"Topco Scientific Co.,Ltd.",1130000000.00,5434,Taiwan,Technology,"Semiconductor Equipment & Materials"
821,"PAR Technology Corporation",1130000000.00,PAR,"United States",Technology,"Software Application"
822,"WANdisco plc",1120000000.00,WAND,"United Kingdom",Technology,"Software Application"
823,"AddNode Group AB",1120000000.00,ANOD.B,Sweden,Technology,"Information Technology Services"
824,"Ardentec Corp",1110000000.00,3264,Taiwan,Technology,"Semiconductor Equipment & Materials"
825,"Future Corp",1110000000.00,4722,Japan,Technology,"Information Technology Services"
826,"Espressif Systems",1110000000.00,688018,China,Technology,Semiconductors
827,"Shenzhen Microgate Technology Co. Ltd",1110000000.00,300319,China,Technology,"Electronic Components"
828,"Silicon Integrated Systems Corp",1110000000.00,2363,Taiwan,Technology,Semiconductors
829,"DAEDUCK ELECTRONICS Co.,Ltd.",1100000000.00,353200,"South Korea",Technology,"Electronic Components"
830,"HAND Enterprise Solutions Co. Ltd",1100000000.00,300170,China,Technology,"Information Technology Services"
831,"Transcend Information, Inc.",1100000000.00,2451,Taiwan,Technology,"Computer Hardware"
832,"Greatek Electronics, Inc.",1100000000.00,2441,Taiwan,Technology,"Semiconductor Equipment & Materials"
833,"DeNA Co. Ltd",1090000000.00,2432,Japan,Technology,"Software Application"
834,"DTS Corp",1090000000.00,9682,Japan,Technology,"Information Technology Services"
835,"Guangdong Ellington Electronics Technology Co. Ltd",1090000000.00,603328,China,Technology,"Electronic Components"
836,"Sitronix Technology Corp",1090000000.00,8016,Taiwan,Technology,Semiconductors
837,"DBAPPSecurity Co. Ltd",1090000000.00,688023,China,Technology,"Software Infrastructure"
838,"Taiwan Union Technology Corp",1090000000.00,6274,Taiwan,Technology,"Electronic Components"
839,"Xintec, Inc.",1090000000.00,3374,Taiwan,Technology,Semiconductors
840,"Alphawave IP Group plc",1080000000.00,AWE,"United Kingdom",Technology,Semiconductors
841,"Fujian Apex Software Co. Ltd",1080000000.00,603383,China,Technology,"Software Application"
842,"Sumavision Technologies Co.,Ltd.",1080000000.00,300079,China,Technology,"Communication Equipment"
843,"FIT Hon Teng Ltd",1070000000.00,FITGF,Taiwan,Technology,"Electronic Components"
844,"TaskUs, Inc.",1070000000.00,TASK,"United States",Technology,"Information Technology Services"
845,"AT & S Austria Technologie & Systemtechnik Aktiengesellschaft",1070000000.00,AUS,Austria,Technology,"Electronic Components"
846,"Tokyo Electron Device Ltd",1070000000.00,2760,Japan,Technology,"Electronic Components"
847,"Opera Limited",1070000000.00,OPRA,Norway,Technology,"Software Infrastructure"
848,"Toshiba Tec Corp",1060000000.00,6588,Japan,Technology,"Computer Hardware"
849,"Fujian Start Group Co.Ltd",1060000000.00,600734,China,Technology,"Computer Hardware"
850,"Jiangsu Lettall Electronic Co.,Ltd",1060000000.00,603629,China,Technology,"Electronic Components"
851,"Jiangsu Etern Company Ltd",1060000000.00,600105,China,Technology,"Communication Equipment"
852,"Himax Technologies, Inc.",1060000000.00,HIMX,Taiwan,Technology,Semiconductors
853,"Troy Information Technology Co. Ltd",1050000000.00,300366,China,Technology,"Software Application"
854,"ITEQ Corp",1050000000.00,6213,Taiwan,Technology,"Electronic Components"
855,"iRobot Corporation",1050000000.00,IRBT,"United States",Technology,"Consumer Electronics"
856,"Shenzhen Jufei Optoelectronics Co. Ltd",1040000000.00,300303,China,Technology,"Electronic Components"
857,"Momentive Global, Inc.",1040000000.00,MNTV,"United States",Technology,"Software Application"
858,"Tong Hsing Electronic Industries Ltd",1040000000.00,6271,Taiwan,Technology,"Semiconductor Equipment & Materials"
859,"Anhui Tatfook Technology Co.,Ltd",1030000000.00,300134,China,Technology,"Communication Equipment"
860,"Nsfocus Information Technology Co. Ltd",1030000000.00,300369,China,Technology,"Software Infrastructure"
861,"Gudeng Precision Industrial Co. Ltd",1030000000.00,3680,Taiwan,Technology,Semiconductors
862,"Sino Wealth Electronic Ltd",1030000000.00,300327,China,Technology,Semiconductors
863,"Synacor, Inc.",1030000000.00,SYNC,"United States",Technology,"Software Infrastructure"
864,"ACM Research, Inc.",1030000000.00,ACMR,"United States",Technology,"Semiconductor Equipment & Materials"
865,"Asiainfo Technologies Ltd",1030000000.00,1675,China,Technology,"Software Application"
866,"Client Service International, Inc.",1020000000.00,300663,China,Technology,"Software Application"
867,"Chang Wah Technology Co. Ltd",1020000000.00,6548,Taiwan,Technology,Semiconductors
868,"Nanjing Panda Electronics Company Ltd",1020000000.00,600775,China,Technology,"Communication Equipment"
869,"Sunrise Technology Co. Ltd",1020000000.00,300360,China,Technology,"Electronic Components"
870,"Shenzhen Sunline Tech Co. Ltd",1010000000.00,300348,China,Technology,"Information Technology Services"
871,"Iress Limited",1010000000.00,IRE,Australia,Technology,"Software Application"
872,"Pushpay Holdings Limited",1010000000.00,PPH,"New Zealand",Technology,"Software Application"
873,"Codan Limited",1010000000.00,CDA,Australia,Technology,"Scientific & Technical Instruments"
874,"Linewell Software Co. Ltd",1010000000.00,603636,China,Technology,"Software Application"
875,"Primax Electronics Ltd",1000000000.00,4915,Taiwan,Technology,"Computer Hardware"
876,"Elecom Co. Ltd",997200000.00,6750,Japan,Technology,"Computer Hardware"
877,"Formula Systems (1985) Ltd.",995000000.00,FORTY,Israel,Technology,"Information Technology Services"
878,"Beijing Teamsun Technology Co.,Ltd.",994900000.00,600410,China,Technology,"Software Application"
879,"Infinera Corporation",993900000.00,INFN,"United States",Technology,"Communication Equipment"
880,"Global Brands Manufacture Ltd",989100000.00,6191,Taiwan,Technology,"Electronic Components"
881,"Secunet Security Networks AG",988900000.00,YSN,Germany,Technology,"Information Technology Services"
882,"ArcherMind Technology",986700000.00,300598,China,Technology,"Information Technology Services"
883,"Supreme Electronics Co. Ltd",985300000.00,8112,Taiwan,Technology,Semiconductors
884,"Model N, Inc.",982700000.00,MODN,"United States",Technology,"Software Application"
885,"ChipMOS TECHNOLOGIES INC.",981200000.00,8150,Taiwan,Technology,Semiconductors
886,"Orient Semiconductor Electronics Ltd",980900000.00,2329,Taiwan,Technology,Semiconductors
887,"TXC Corp",976200000.00,3042,Taiwan,Technology,"Electronic Components"
888,Clenergy,975200000.00,603628,China,Technology,Solar
889,"ESI Group",974500000.00,ESI,France,Technology,"Software Application"
890,"Esker SA",974100000.00,ALESK,France,Technology,"Software Application"
891,"Systex Corp",973700000.00,6214,Taiwan,Technology,"Information Technology Services"
892,"Fitipower Integrated Technology, Inc.",970600000.00,4961,Taiwan,Technology,Semiconductors
893,"Beijing Highlander Digital Technology Co. Ltd",968700000.00,300065,China,Technology,"Scientific & Technical Instruments"
894,"ChemoMetec A/S",968300000.00,CHEMM,Denmark,Technology,"Scientific & Technical Instruments"
895,"UCloud Technology Co. Ltd",968200000.00,688158,China,Technology,"Software Infrastructure"
896,"Chenbro Micom Co. Ltd",966800000.00,8210,Taiwan,Technology,"Computer Hardware"
897,"Sigurd Microelectronics Corp",966100000.00,6257,Taiwan,Technology,"Semiconductor Equipment & Materials"
898,"Stratasys Ltd.",964200000.00,SSYS,"United States",Technology,"Computer Hardware"
899,"HNA Technology Co. Ltd",960500000.00,600751,China,Technology,"Information Technology Services"
900,"Life360, Inc.",960200000.00,360,"United States",Technology,"Software Application"
901,"Raydium Semiconductor Corp",959200000.00,3592,Taiwan,Technology,Semiconductors
902,"A10 Networks, Inc.",957900000.00,ATEN,"United States",Technology,"Software Infrastructure"
903,"TTEC Holdings, Inc.",956500000.00,TTEC,"United States",Technology,"Information Technology Services"
904,"discoverIE Group plc",956200000.00,DSCV,"United Kingdom",Technology,"Electronic Components"
905,"Mensch und Maschine Software SE",956200000.00,MUM,Germany,Technology,"Software Application"
906,"Gosuncn Technology Group Co. Ltd",955800000.00,300098,China,Technology,"Communication Equipment"
907,"Grid Dynamics Holdings, Inc.",955500000.00,GDYN,"United States",Technology,"Information Technology Services"
908,"Tinexta S.p.A.",954300000.00,TNXT,Italy,Technology,"Information Technology Services"
909,"HannStar Board Corp",952400000.00,5469,Taiwan,Technology,"Electronic Components"
910,"Benchmark Electronics, Inc.",951600000.00,BHE,"United States",Technology,"Electronic Components"
911,"Micronics Japan Co. Ltd",951000000.00,6871,Japan,Technology,"Semiconductor Equipment & Materials"
912,"ScanSource, Inc.",948700000.00,SCSC,"United States",Technology,"Electronics & Computer Distribution"
913,"Ichor Holdings, Ltd.",948700000.00,ICHR,"United States",Technology,"Semiconductor Equipment & Materials"
914,"Focused Photonics",948100000.00,300203,China,Technology,"Scientific & Technical Instruments"
915,"Coretronic Corp",946900000.00,5371,Taiwan,Technology,"Consumer Electronics"
916,"Megaport Limited",945000000.00,MP1,Australia,Technology,"Software Infrastructure"
917,"Infocom Corp",944600000.00,4348,Japan,Technology,"Information Technology Services"
918,"Jilin Sino-Microelectronics Co. Ltd",942900000.00,600360,China,Technology,"Semiconductor Equipment & Materials"
919,"Beijing Certificate Authority Co. Ltd",938900000.00,300579,China,Technology,"Software Infrastructure"
920,"Beijing VRV Software Corp Ltd",938200000.00,300352,China,Technology,"Software Infrastructure"
921,"ADATA Technology Co. Ltd",936100000.00,3260,Taiwan,Technology,Semiconductors
922,"Qingdao Eastsoft Communication Technology Co.,Ltd",931900000.00,300183,China,Technology,"Scientific & Technical Instruments"
923,"Shenzhen Gongjin Electronics Co. Ltd",931900000.00,603118,China,Technology,"Communication Equipment"
924,"O.Y. Nofar Energy Ltd",931400000.00,NOFR,Israel,Technology,Solar
925,"Weimob, Inc.",926900000.00,2013,China,Technology,"Software Application"
926,"Global Blue Group Holding AG",926000000.00,GB,Switzerland,Technology,"Information Technology Services"
927,"Sonaecom, SGPS, SA",925300000.00,SNC,Portugal,Technology,"Information Technology Services"
928,"WalkMe Ltd",924800000.00,WKME,Israel,Technology,"Software Application"
929,"SMART Global Holdings, Inc.",922200000.00,SGH,"United States",Technology,Semiconductors
930,"Marketech International Corp",921200000.00,6196,Taiwan,Technology,"Electronic Components"
931,"Jiangsu DongHua Testing Technology Co. Ltd",921100000.00,300354,China,Technology,"Scientific & Technical Instruments"
932,"Audinate Group Limited",921000000.00,AD8,Australia,Technology,"Electronic Components"
933,"Shenzhen Yitoa Intelligent Control Co.,Ltd.",920200000.00,300131,China,Technology,"Electronic Components"
934,"Skyworth Group Ltd",920100000.00,0751,"Hong Kong",Technology,"Consumer Electronics"
935,"SVG Group Co.,Ltd",916800000.00,300331,China,Technology,"Electronic Components"
936,"ASROCK InCorp",915800000.00,3515,Taiwan,Technology,"Computer Hardware"
937,"Yalla Group Limited",915600000.00,YALA,"United Arab Emirates",Technology,"Software Application"
938,"Wirtualna Polska Holding SA",912000000.00,9DE,Poland,Technology,"Software Infrastructure"
939,"Shenzhen Fine Made Electronics Group Co. Ltd",911200000.00,300671,China,Technology,Semiconductors
940,"Insigma Technology Co. Ltd",909200000.00,600797,China,Technology,"Information Technology Services"
941,"Wuhan P&S Information Technology Co. Ltd",909100000.00,300184,China,Technology,"Electronics & Computer Distribution"
942,"Spirent Communications plc",908300000.00,SPT,"United Kingdom",Technology,"Software Infrastructure"
943,"Flexium Interconnect, Inc.",908100000.00,6269,Taiwan,Technology,"Electronic Components"
944,"Hongli Zhihui Group Co. Ltd",908100000.00,300219,China,Technology,"Electronic Components"
945,"Auras Technology Co. Ltd",906300000.00,3324,Taiwan,Technology,"Computer Hardware"
946,"Zhejiang Firstar Panel Technology Co. Ltd",906200000.00,300256,China,Technology,"Electronic Components"
947,"Capitalonline Data Service Co. Ltd",903000000.00,300846,China,Technology,"Information Technology Services"
948,"Enjoyor Co.,Ltd",899900000.00,300020,China,Technology,"Software Application"
949,"Chilisin Electronics Corp",899600000.00,2456,Taiwan,Technology,"Electronic Components"
950,"Netac Technology Co. Ltd",899000000.00,300042,China,Technology,"Computer Hardware"
951,"WinWay Technology Co. Ltd",898900000.00,6515,Taiwan,Technology,Semiconductors
952,"SUNeVision Holdings Ltd",898600000.00,1686,"Hong Kong",Technology,"Information Technology Services"
953,"Equiniti Group plc",896800000.00,EQN,"United Kingdom",Technology,"Software Infrastructure"
954,"EGing Photovoltaic Technology Co.,Ltd.",894500000.00,600537,China,Technology,Solar
955,"Taiwan Surface Mounting Technology Corp",893900000.00,6278,Taiwan,Technology,"Semiconductor Equipment & Materials"
956,"AAEON Technology, Inc.",892000000.00,6579,Taiwan,Technology,"Computer Hardware"
957,"Xiamen Changelight Co. Ltd",891500000.00,300102,China,Technology,Semiconductors
958,"Vestel Beyaz Esya Sanayi ve Ticaret A.S.",891100000.00,VESBE,Turkey,Technology,"Consumer Electronics"
959,"Digi International Inc.",888700000.00,DGII,"United States",Technology,"Communication Equipment"
960,"Bomin Electronics Co. Ltd",888500000.00,603936,China,Technology,Semiconductors
961,"Data#3 Limited",887200000.00,DTL,Australia,Technology,"Information Technology Services"
962,"Invisio AB",885800000.00,IVSO,Sweden,Technology,"Communication Equipment"
963,"Everbridge, Inc.",885000000.00,EVBG,"United States",Technology,"Software Application"
964,"GB Group plc",881100000.00,GBG,"United Kingdom",Technology,"Software Application"
965,"Beijing Thunisoft Co. Ltd",878500000.00,300271,China,Technology,"Information Technology Services"
966,"Shanghai Golden Bridge Info Tech Co. Ltd",876300000.00,603918,China,Technology,"Information Technology Services"
967,"Ferrotec Holdings Corp",873600000.00,6890,Japan,Technology,Semiconductors
968,"Muehlbauer Holding AG",869900000.00,MUB,Germany,Technology,"Computer Hardware"
969,"TomTom N.V.",869800000.00,TOM2,Netherlands,Technology,"Software Application"
970,"DuoLun Technology Corp Ltd",866900000.00,603528,China,Technology,"Software Application"
971,"Hanwei Electronics Group Corp",861400000.00,300007,China,Technology,"Scientific & Technical Instruments"
972,"NeoPhotonics Corporation",859600000.00,NPTN,"United States",Technology,Semiconductors
973,"GFT Technologies SE",858300000.00,GFT,Germany,Technology,"Information Technology Services"
974,"Shenzhen Absen Optoelectronic Co.,Ltd.",857800000.00,300389,China,Technology,"Consumer Electronics"
975,"WuHan Yangtze Communication Industry Group Co.,Ltd",856900000.00,600345,China,Technology,"Communication Equipment"
976,"Jiangsu Zongyi Co.,LTD",855900000.00,600770,China,Technology,Semiconductors
977,"TKD Science and Technology Co.,Ltd.",855500000.00,603738,China,Technology,Semiconductors
978,"Toyou Feiji Electronics Co. Ltd",851100000.00,300302,China,Technology,"Computer Hardware"
979,"Systena Corp",850000000.00,2317,Japan,Technology,"Information Technology Services"
980,"Hengxin Shambala Culture Co.,Ltd.",849900000.00,300081,China,Technology,"Communication Equipment"
981,"Tri Chemical Laboratories, Inc.",848000000.00,4369,Japan,Technology,Semiconductors
982,"Clevo Co.",847800000.00,2362,Taiwan,Technology,"Computer Hardware"
983,"Sunyard Technology Co.,Ltd",846400000.00,600571,China,Technology,"Software Infrastructure"
984,"Chipsea Technologies",843500000.00,688595,China,Technology,"Semiconductor Equipment & Materials"
985,"Shanghai Bright Power Semiconductor Co. Ltd",843300000.00,688368,China,Technology,Semiconductors
986,"GuoChuang Software Co.,Ltd.",842100000.00,300520,China,Technology,"Software Application"
987,"Innodisk Corp",839800000.00,5289,Taiwan,Technology,"Computer Hardware"
988,"Elite Semiconductor Microelectronics Tech, Inc.",838200000.00,3006,Taiwan,Technology,Semiconductors
989,"JVCKENWOOD Corp",831700000.00,6632,Japan,Technology,"Consumer Electronics"
990,"Olo, Inc.",830700000.00,OLO,"United States",Technology,"Software Application"
991,"Guodian Nanjing Automation Co. Ltd",830400000.00,600268,China,Technology,"Consumer Electronics"
992,"Jiangyin Jianghua Microelectronics Materials Co. Ltd",830000000.00,603078,China,Technology,"Semiconductor Equipment & Materials"
993,"Union Optech Co.,Ltd.",829800000.00,300691,China,Technology,"Electronic Components"
994,"Wuxi Chipown Micro-electronics Ltd",829800000.00,688508,China,Technology,Semiconductors
995,"Qingdao Topscomm Communication, Inc.",829400000.00,603421,China,Technology,"Scientific & Technical Instruments"
996,"Henan Thinker Automatic Equipment Co.,Ltd.",825400000.00,603508,China,Technology,"Scientific & Technical Instruments"
997,"transcosmos, Inc.",819500000.00,9715,Japan,Technology,"Information Technology Services"
998,"Yeahka Ltd",819300000.00,9923,China,Technology,"Software Infrastructure"
999,"Beijing Wanji Technology Co. Ltd",816100000.00,300552,China,Technology,"Scientific & Technical Instruments"
1000,"Fujian Foxit Software Development Joint Stock Co.,Ltd",811500000.00,688095,China,Technology,"Software Application"
